panel,g-recaptcha-response,scenario,cc,subject,status_id,priority_id,help_topic_id,department_id,description,adhoc_approvers_agent,filepath
client,undefined,create,,Jmeter Ticket1,1,4,1,1,A ticket in JMeter signifies a task or issue logged within the software for tracking purposes. It serves as a reference point for team collaboration detailing specific requirements or problems to be addressed. Tickets aid in project management facilitating efficient allocation of resources and tracking of progress throughout the development cycle.,,/home/amanpreet/Jmeter_testcase&files/media_attachments/video.webm
client,undefined,create,,Jmeter Ticket2,1,3,1,1,A ticket in JMeter signifies a task or issue logged within the software for tracking purposes. It serves as a reference point for team collaboration detailing specific requirements or problems to be addressed. Tickets aid in project management facilitating efficient allocation of resources and tracking of progress throughout the development cycle.,,/home/amanpreet/Jmeter_testcase&files/media_attachments/video.webm
client,undefined,create,,Jmeter Ticket3,1,2,1,1,A ticket in JMeter signifies a task or issue logged within the software for tracking purposes. It serves as a reference point for team collaboration detailing specific requirements or problems to be addressed. Tickets aid in project management facilitating efficient allocation of resources and tracking of progress throughout the development cycle.,,/home/amanpreet/Jmeter_testcase&files/media_attachments/Screencast from 11-01-24 11_33_33 AM IST.webm
client,undefined,create,,Jmeter Ticket4,1,1,1,1,A ticket in JMeter signifies a task or issue logged within the software for tracking purposes. It serves as a reference point for team collaboration detailing specific requirements or problems to be addressed. Tickets aid in project management facilitating efficient allocation of resources and tracking of progress throughout the development cycle.,,/home/amanpreet/Jmeter_testcase&files/media_attachments/video.webm
client,undefined,create,,Jmeter Ticket5,1,4,1,1,A ticket in JMeter signifies a task or issue logged within the software for tracking purposes. It serves as a reference point for team collaboration detailing specific requirements or problems to be addressed. Tickets aid in project management facilitating efficient allocation of resources and tracking of progress throughout the development cycle.,,/home/amanpreet/Jmeter_testcase&files/media_attachments/Screencast from 11-01-24 11_33_33 AM IST.webm
client,undefined,create,,Jmeter Ticket6,1,4,1,1,A ticket in JMeter signifies a task or issue logged within the software for tracking purposes. It serves as a reference point for team collaboration detailing specific requirements or problems to be addressed. Tickets aid in project management facilitating efficient allocation of resources and tracking of progress throughout the development cycle.,,/home/amanpreet/Jmeter_testcase&files/media_attachments/video.webm
client,undefined,create,,Jmeter Ticket7,1,3,1,1,A ticket in JMeter signifies a task or issue logged within the software for tracking purposes. It serves as a reference point for team collaboration detailing specific requirements or problems to be addressed. Tickets aid in project management facilitating efficient allocation of resources and tracking of progress throughout the development cycle.,,/home/amanpreet/Jmeter_testcase&files/media_attachments/Screencast from 11-01-24 11_33_33 AM IST.webm
client,undefined,create,,Jmeter Ticket8,1,2,1,1,A ticket in JMeter signifies a task or issue logged within the software for tracking purposes. It serves as a reference point for team collaboration detailing specific requirements or problems to be addressed. Tickets aid in project management facilitating efficient allocation of resources and tracking of progress throughout the development cycle.,,/home/amanpreet/Jmeter_testcase&files/media_attachments/video.webm
client,undefined,create,,Jmeter Ticket9,1,1,1,1,A ticket in JMeter signifies a task or issue logged within the software for tracking purposes. It serves as a reference point for team collaboration detailing specific requirements or problems to be addressed. Tickets aid in project management facilitating efficient allocation of resources and tracking of progress throughout the development cycle.,,/home/amanpreet/Jmeter_testcase&files/media_attachments/Screencast from 11-01-24 11_33_33 AM IST.webm
client,undefined,create,,Jmeter Ticket10,1,4,1,1,A ticket in JMeter signifies a task or issue logged within the software for tracking purposes. It serves as a reference point for team collaboration detailing specific requirements or problems to be addressed. Tickets aid in project management facilitating efficient allocation of resources and tracking of progress throughout the development cycle.,,/home/amanpreet/Jmeter_testcase&files/media_attachments/video.webm
client,undefined,create,,Jmeter Ticket11,1,4,1,1,A ticket in JMeter signifies a task or issue logged within the software for tracking purposes. It serves as a reference point for team collaboration detailing specific requirements or problems to be addressed. Tickets aid in project management facilitating efficient allocation of resources and tracking of progress throughout the development cycle.,,/home/amanpreet/Jmeter_testcase&files/media_attachments/Screencast from 11-01-24 11_33_33 AM IST.webm
client,undefined,create,,Jmeter Ticket12,1,3,1,1,A ticket in JMeter signifies a task or issue logged within the software for tracking purposes. It serves as a reference point for team collaboration detailing specific requirements or problems to be addressed. Tickets aid in project management facilitating efficient allocation of resources and tracking of progress throughout the development cycle.,,/home/amanpreet/Jmeter_testcase&files/media_attachments/video.webm
client,undefined,create,,Jmeter Ticket13,1,2,1,1,A ticket in JMeter signifies a task or issue logged within the software for tracking purposes. It serves as a reference point for team collaboration detailing specific requirements or problems to be addressed. Tickets aid in project management facilitating efficient allocation of resources and tracking of progress throughout the development cycle.,,/home/amanpreet/Jmeter_testcase&files/media_attachments/Screencast from 11-01-24 11_33_33 AM IST.webm
client,undefined,create,,Jmeter Ticket14,1,1,1,1,A ticket in JMeter signifies a task or issue logged within the software for tracking purposes. It serves as a reference point for team collaboration detailing specific requirements or problems to be addressed. Tickets aid in project management facilitating efficient allocation of resources and tracking of progress throughout the development cycle.,,/home/amanpreet/Jmeter_testcase&files/media_attachments/video.webm
client,undefined,create,,Jmeter Ticket15,1,4,1,1,A ticket in JMeter signifies a task or issue logged within the software for tracking purposes. It serves as a reference point for team collaboration detailing specific requirements or problems to be addressed. Tickets aid in project management facilitating efficient allocation of resources and tracking of progress throughout the development cycle.,,/home/amanpreet/Jmeter_testcase&files/media_attachments/Screencast from 11-01-24 11_33_33 AM IST.webm
client,undefined,create,,Jmeter Ticket16,1,4,1,1,A ticket in JMeter signifies a task or issue logged within the software for tracking purposes. It serves as a reference point for team collaboration detailing specific requirements or problems to be addressed. Tickets aid in project management facilitating efficient allocation of resources and tracking of progress throughout the development cycle.,,/home/amanpreet/Jmeter_testcase&files/media_attachments/video.webm
client,undefined,create,,Jmeter Ticket17,1,3,1,1,A ticket in JMeter signifies a task or issue logged within the software for tracking purposes. It serves as a reference point for team collaboration detailing specific requirements or problems to be addressed. Tickets aid in project management facilitating efficient allocation of resources and tracking of progress throughout the development cycle.,,/home/amanpreet/Jmeter_testcase&files/media_attachments/Screencast from 11-01-24 11_33_33 AM IST.webm
client,undefined,create,,Jmeter Ticket18,1,2,1,1,A ticket in JMeter signifies a task or issue logged within the software for tracking purposes. It serves as a reference point for team collaboration detailing specific requirements or problems to be addressed. Tickets aid in project management facilitating efficient allocation of resources and tracking of progress throughout the development cycle.,,/home/amanpreet/Jmeter_testcase&files/media_attachments/video.webm
client,undefined,create,,Jmeter Ticket19,1,1,1,1,A ticket in JMeter signifies a task or issue logged within the software for tracking purposes. It serves as a reference point for team collaboration detailing specific requirements or problems to be addressed. Tickets aid in project management facilitating efficient allocation of resources and tracking of progress throughout the development cycle.,,/home/amanpreet/Jmeter_testcase&files/media_attachments/Screencast from 11-01-24 11_33_33 AM IST.webm
client,undefined,create,,Jmeter Ticket20,1,4,1,1,A ticket in JMeter signifies a task or issue logged within the software for tracking purposes. It serves as a reference point for team collaboration detailing specific requirements or problems to be addressed. Tickets aid in project management facilitating efficient allocation of resources and tracking of progress throughout the development cycle.,,/home/amanpreet/Jmeter_testcase&files/media_attachments/video.webm
client,undefined,create,,Jmeter Ticket21,1,4,1,1,A ticket in JMeter signifies a task or issue logged within the software for tracking purposes. It serves as a reference point for team collaboration detailing specific requirements or problems to be addressed. Tickets aid in project management facilitating efficient allocation of resources and tracking of progress throughout the development cycle.,,/home/amanpreet/Jmeter_testcase&files/media_attachments/Screencast from 11-01-24 11_33_33 AM IST.webm
client,undefined,create,,Jmeter Ticket22,1,3,1,1,A ticket in JMeter signifies a task or issue logged within the software for tracking purposes. It serves as a reference point for team collaboration detailing specific requirements or problems to be addressed. Tickets aid in project management facilitating efficient allocation of resources and tracking of progress throughout the development cycle.,,/home/amanpreet/Jmeter_testcase&files/media_attachments/video.webm
client,undefined,create,,Jmeter Ticket23,1,2,1,1,A ticket in JMeter signifies a task or issue logged within the software for tracking purposes. It serves as a reference point for team collaboration detailing specific requirements or problems to be addressed. Tickets aid in project management facilitating efficient allocation of resources and tracking of progress throughout the development cycle.,,/home/amanpreet/Jmeter_testcase&files/media_attachments/Screencast from 11-01-24 11_33_33 AM IST.webm
client,undefined,create,,Jmeter Ticket24,1,1,1,1,A ticket in JMeter signifies a task or issue logged within the software for tracking purposes. It serves as a reference point for team collaboration detailing specific requirements or problems to be addressed. Tickets aid in project management facilitating efficient allocation of resources and tracking of progress throughout the development cycle.,,/home/amanpreet/Jmeter_testcase&files/media_attachments/video.webm
client,undefined,create,,Jmeter Ticket25,1,4,1,1,A ticket in JMeter signifies a task or issue logged within the software for tracking purposes. It serves as a reference point for team collaboration detailing specific requirements or problems to be addressed. Tickets aid in project management facilitating efficient allocation of resources and tracking of progress throughout the development cycle.,,/home/amanpreet/Jmeter_testcase&files/media_attachments/video.webm
client,undefined,create,,Jmeter Ticket26,1,4,1,1,A ticket in JMeter signifies a task or issue logged within the software for tracking purposes. It serves as a reference point for team collaboration detailing specific requirements or problems to be addressed. Tickets aid in project management facilitating efficient allocation of resources and tracking of progress throughout the development cycle.,,/home/amanpreet/Jmeter_testcase&files/media_attachments/Screencast from 11-01-24 11_33_33 AM IST.webm
client,undefined,create,,Jmeter Ticket27,1,3,1,1,A ticket in JMeter signifies a task or issue logged within the software for tracking purposes. It serves as a reference point for team collaboration detailing specific requirements or problems to be addressed. Tickets aid in project management facilitating efficient allocation of resources and tracking of progress throughout the development cycle.,,/home/amanpreet/Jmeter_testcase&files/media_attachments/video.webm
client,undefined,create,,Jmeter Ticket28,1,2,1,1,A ticket in JMeter signifies a task or issue logged within the software for tracking purposes. It serves as a reference point for team collaboration detailing specific requirements or problems to be addressed. Tickets aid in project management facilitating efficient allocation of resources and tracking of progress throughout the development cycle.,,/home/amanpreet/Jmeter_testcase&files/media_attachments/Screencast from 11-01-24 11_33_33 AM IST.webm
client,undefined,create,,Jmeter Ticket29,1,1,1,1,A ticket in JMeter signifies a task or issue logged within the software for tracking purposes. It serves as a reference point for team collaboration detailing specific requirements or problems to be addressed. Tickets aid in project management facilitating efficient allocation of resources and tracking of progress throughout the development cycle.,,/home/amanpreet/Jmeter_testcase&files/media_attachments/video.webm
client,undefined,create,,Jmeter Ticket30,1,4,1,1,A ticket in JMeter signifies a task or issue logged within the software for tracking purposes. It serves as a reference point for team collaboration detailing specific requirements or problems to be addressed. Tickets aid in project management facilitating efficient allocation of resources and tracking of progress throughout the development cycle.,,/home/amanpreet/Jmeter_testcase&files/media_attachments/Screencast from 11-01-24 11_33_33 AM IST.webm
client,undefined,create,,Jmeter Ticket31,1,4,1,1,A ticket in JMeter signifies a task or issue logged within the software for tracking purposes. It serves as a reference point for team collaboration detailing specific requirements or problems to be addressed. Tickets aid in project management facilitating efficient allocation of resources and tracking of progress throughout the development cycle.,,/home/amanpreet/Jmeter_testcase&files/media_attachments/video.webm
client,undefined,create,,Jmeter Ticket32,1,3,1,1,A ticket in JMeter signifies a task or issue logged within the software for tracking purposes. It serves as a reference point for team collaboration detailing specific requirements or problems to be addressed. Tickets aid in project management facilitating efficient allocation of resources and tracking of progress throughout the development cycle.,,/home/amanpreet/Jmeter_testcase&files/media_attachments/Screencast from 11-01-24 11_33_33 AM IST.webm
client,undefined,create,,Jmeter Ticket33,1,2,1,1,A ticket in JMeter signifies a task or issue logged within the software for tracking purposes. It serves as a reference point for team collaboration detailing specific requirements or problems to be addressed. Tickets aid in project management facilitating efficient allocation of resources and tracking of progress throughout the development cycle.,,/home/amanpreet/Jmeter_testcase&files/media_attachments/video.webm
client,undefined,create,,Jmeter Ticket34,1,1,1,1,A ticket in JMeter signifies a task or issue logged within the software for tracking purposes. It serves as a reference point for team collaboration detailing specific requirements or problems to be addressed. Tickets aid in project management facilitating efficient allocation of resources and tracking of progress throughout the development cycle.,,/home/amanpreet/Jmeter_testcase&files/media_attachments/Screencast from 11-01-24 11_33_33 AM IST.webm
client,undefined,create,,Jmeter Ticket35,1,4,1,1,A ticket in JMeter signifies a task or issue logged within the software for tracking purposes. It serves as a reference point for team collaboration detailing specific requirements or problems to be addressed. Tickets aid in project management facilitating efficient allocation of resources and tracking of progress throughout the development cycle.,,/home/amanpreet/Jmeter_testcase&files/media_attachments/video.webm
client,undefined,create,,Jmeter Ticket36,1,4,1,1,A ticket in JMeter signifies a task or issue logged within the software for tracking purposes. It serves as a reference point for team collaboration detailing specific requirements or problems to be addressed. Tickets aid in project management facilitating efficient allocation of resources and tracking of progress throughout the development cycle.,,/home/amanpreet/Jmeter_testcase&files/media_attachments/Screencast from 11-01-24 11_33_33 AM IST.webm
client,undefined,create,,Jmeter Ticket37,1,3,1,1,A ticket in JMeter signifies a task or issue logged within the software for tracking purposes. It serves as a reference point for team collaboration detailing specific requirements or problems to be addressed. Tickets aid in project management facilitating efficient allocation of resources and tracking of progress throughout the development cycle.,,/home/amanpreet/Jmeter_testcase&files/media_attachments/video.webm
client,undefined,create,,Jmeter Ticket38,1,2,1,1,A ticket in JMeter signifies a task or issue logged within the software for tracking purposes. It serves as a reference point for team collaboration detailing specific requirements or problems to be addressed. Tickets aid in project management facilitating efficient allocation of resources and tracking of progress throughout the development cycle.,,/home/amanpreet/Jmeter_testcase&files/media_attachments/Screencast from 11-01-24 11_33_33 AM IST.webm
client,undefined,create,,Jmeter Ticket39,1,1,1,1,A ticket in JMeter signifies a task or issue logged within the software for tracking purposes. It serves as a reference point for team collaboration detailing specific requirements or problems to be addressed. Tickets aid in project management facilitating efficient allocation of resources and tracking of progress throughout the development cycle.,,/home/amanpreet/Jmeter_testcase&files/media_attachments/video.webm
client,undefined,create,,Jmeter Ticket40,1,4,1,1,A ticket in JMeter signifies a task or issue logged within the software for tracking purposes. It serves as a reference point for team collaboration detailing specific requirements or problems to be addressed. Tickets aid in project management facilitating efficient allocation of resources and tracking of progress throughout the development cycle.,,/home/amanpreet/Jmeter_testcase&files/media_attachments/Screencast from 11-01-24 11_33_33 AM IST.webm
client,undefined,create,,Jmeter Ticket41,1,4,1,1,A ticket in JMeter signifies a task or issue logged within the software for tracking purposes. It serves as a reference point for team collaboration detailing specific requirements or problems to be addressed. Tickets aid in project management facilitating efficient allocation of resources and tracking of progress throughout the development cycle.,,/home/amanpreet/Jmeter_testcase&files/media_attachments/video.webm
client,undefined,create,,Jmeter Ticket42,1,3,1,1,A ticket in JMeter signifies a task or issue logged within the software for tracking purposes. It serves as a reference point for team collaboration detailing specific requirements or problems to be addressed. Tickets aid in project management facilitating efficient allocation of resources and tracking of progress throughout the development cycle.,,/home/amanpreet/Jmeter_testcase&files/media_attachments/Screencast from 11-01-24 11_33_33 AM IST.webm
client,undefined,create,,Jmeter Ticket43,1,2,1,1,A ticket in JMeter signifies a task or issue logged within the software for tracking purposes. It serves as a reference point for team collaboration detailing specific requirements or problems to be addressed. Tickets aid in project management facilitating efficient allocation of resources and tracking of progress throughout the development cycle.,,/home/amanpreet/Jmeter_testcase&files/media_attachments/video.webm
client,undefined,create,,Jmeter Ticket44,1,1,1,1,A ticket in JMeter signifies a task or issue logged within the software for tracking purposes. It serves as a reference point for team collaboration detailing specific requirements or problems to be addressed. Tickets aid in project management facilitating efficient allocation of resources and tracking of progress throughout the development cycle.,,/home/amanpreet/Jmeter_testcase&files/media_attachments/video.webm
client,undefined,create,,Jmeter Ticket45,1,4,1,1,A ticket in JMeter signifies a task or issue logged within the software for tracking purposes. It serves as a reference point for team collaboration detailing specific requirements or problems to be addressed. Tickets aid in project management facilitating efficient allocation of resources and tracking of progress throughout the development cycle.,,/home/amanpreet/Jmeter_testcase&files/media_attachments/Screencast from 11-01-24 11_33_33 AM IST.webm
client,undefined,create,,Jmeter Ticket46,1,4,1,1,A ticket in JMeter signifies a task or issue logged within the software for tracking purposes. It serves as a reference point for team collaboration detailing specific requirements or problems to be addressed. Tickets aid in project management facilitating efficient allocation of resources and tracking of progress throughout the development cycle.,,/home/amanpreet/Jmeter_testcase&files/media_attachments/video.webm
client,undefined,create,,Jmeter Ticket47,1,3,1,1,A ticket in JMeter signifies a task or issue logged within the software for tracking purposes. It serves as a reference point for team collaboration detailing specific requirements or problems to be addressed. Tickets aid in project management facilitating efficient allocation of resources and tracking of progress throughout the development cycle.,,/home/amanpreet/Jmeter_testcase&files/media_attachments/Screencast from 11-01-24 11_33_33 AM IST.webm
client,undefined,create,,Jmeter Ticket48,1,2,1,1,A ticket in JMeter signifies a task or issue logged within the software for tracking purposes. It serves as a reference point for team collaboration detailing specific requirements or problems to be addressed. Tickets aid in project management facilitating efficient allocation of resources and tracking of progress throughout the development cycle.,,/home/amanpreet/Jmeter_testcase&files/media_attachments/video.webm
client,undefined,create,,Jmeter Ticket49,1,1,1,1,A ticket in JMeter signifies a task or issue logged within the software for tracking purposes. It serves as a reference point for team collaboration detailing specific requirements or problems to be addressed. Tickets aid in project management facilitating efficient allocation of resources and tracking of progress throughout the development cycle.,,/home/amanpreet/Jmeter_testcase&files/media_attachments/Screencast from 11-01-24 11_33_33 AM IST.webm
client,undefined,create,,Jmeter Ticket50,1,4,1,1,A ticket in JMeter signifies a task or issue logged within the software for tracking purposes. It serves as a reference point for team collaboration detailing specific requirements or problems to be addressed. Tickets aid in project management facilitating efficient allocation of resources and tracking of progress throughout the development cycle.,,/home/amanpreet/Jmeter_testcase&files/media_attachments/video.webm
client,undefined,create,,Jmeter Ticket51,1,4,1,1,A ticket in JMeter signifies a task or issue logged within the software for tracking purposes. It serves as a reference point for team collaboration detailing specific requirements or problems to be addressed. Tickets aid in project management facilitating efficient allocation of resources and tracking of progress throughout the development cycle.,,/home/amanpreet/Jmeter_testcase&files/media_attachments/Screencast from 11-01-24 11_33_33 AM IST.webm
client,undefined,create,,Jmeter Ticket52,1,3,1,1,A ticket in JMeter signifies a task or issue logged within the software for tracking purposes. It serves as a reference point for team collaboration detailing specific requirements or problems to be addressed. Tickets aid in project management facilitating efficient allocation of resources and tracking of progress throughout the development cycle.,,/home/amanpreet/Jmeter_testcase&files/media_attachments/video.webm
client,undefined,create,,Jmeter Ticket53,1,2,1,1,A ticket in JMeter signifies a task or issue logged within the software for tracking purposes. It serves as a reference point for team collaboration detailing specific requirements or problems to be addressed. Tickets aid in project management facilitating efficient allocation of resources and tracking of progress throughout the development cycle.,,/home/amanpreet/Jmeter_testcase&files/media_attachments/Screencast from 11-01-24 11_33_33 AM IST.webm
client,undefined,create,,Jmeter Ticket54,1,1,1,1,A ticket in JMeter signifies a task or issue logged within the software for tracking purposes. It serves as a reference point for team collaboration detailing specific requirements or problems to be addressed. Tickets aid in project management facilitating efficient allocation of resources and tracking of progress throughout the development cycle.,,/home/amanpreet/Jmeter_testcase&files/media_attachments/video.webm
client,undefined,create,,Jmeter Ticket55,1,4,1,1,A ticket in JMeter signifies a task or issue logged within the software for tracking purposes. It serves as a reference point for team collaboration detailing specific requirements or problems to be addressed. Tickets aid in project management facilitating efficient allocation of resources and tracking of progress throughout the development cycle.,,/home/amanpreet/Jmeter_testcase&files/media_attachments/Screencast from 11-01-24 11_33_33 AM IST.webm
client,undefined,create,,Jmeter Ticket56,1,4,1,1,A ticket in JMeter signifies a task or issue logged within the software for tracking purposes. It serves as a reference point for team collaboration detailing specific requirements or problems to be addressed. Tickets aid in project management facilitating efficient allocation of resources and tracking of progress throughout the development cycle.,,/home/amanpreet/Jmeter_testcase&files/media_attachments/video.webm
client,undefined,create,,Jmeter Ticket57,1,3,1,1,A ticket in JMeter signifies a task or issue logged within the software for tracking purposes. It serves as a reference point for team collaboration detailing specific requirements or problems to be addressed. Tickets aid in project management facilitating efficient allocation of resources and tracking of progress throughout the development cycle.,,/home/amanpreet/Jmeter_testcase&files/media_attachments/Screencast from 11-01-24 11_33_33 AM IST.webm
client,undefined,create,,Jmeter Ticket58,1,2,1,1,A ticket in JMeter signifies a task or issue logged within the software for tracking purposes. It serves as a reference point for team collaboration detailing specific requirements or problems to be addressed. Tickets aid in project management facilitating efficient allocation of resources and tracking of progress throughout the development cycle.,,/home/amanpreet/Jmeter_testcase&files/media_attachments/video.webm
client,undefined,create,,Jmeter Ticket59,1,1,1,1,A ticket in JMeter signifies a task or issue logged within the software for tracking purposes. It serves as a reference point for team collaboration detailing specific requirements or problems to be addressed. Tickets aid in project management facilitating efficient allocation of resources and tracking of progress throughout the development cycle.,,/home/amanpreet/Jmeter_testcase&files/media_attachments/Screencast from 11-01-24 11_33_33 AM IST.webm
client,undefined,create,,Jmeter Ticket60,1,4,1,1,A ticket in JMeter signifies a task or issue logged within the software for tracking purposes. It serves as a reference point for team collaboration detailing specific requirements or problems to be addressed. Tickets aid in project management facilitating efficient allocation of resources and tracking of progress throughout the development cycle.,,/home/amanpreet/Jmeter_testcase&files/media_attachments/video.webm
client,undefined,create,,Jmeter Ticket61,1,4,1,1,A ticket in JMeter signifies a task or issue logged within the software for tracking purposes. It serves as a reference point for team collaboration detailing specific requirements or problems to be addressed. Tickets aid in project management facilitating efficient allocation of resources and tracking of progress throughout the development cycle.,,/home/amanpreet/Jmeter_testcase&files/media_attachments/Screencast from 11-01-24 11_33_33 AM IST.webm
client,undefined,create,,Jmeter Ticket62,1,3,1,1,A ticket in JMeter signifies a task or issue logged within the software for tracking purposes. It serves as a reference point for team collaboration detailing specific requirements or problems to be addressed. Tickets aid in project management facilitating efficient allocation of resources and tracking of progress throughout the development cycle.,,/home/amanpreet/Jmeter_testcase&files/media_attachments/video.webm
client,undefined,create,,Jmeter Ticket63,1,2,1,1,A ticket in JMeter signifies a task or issue logged within the software for tracking purposes. It serves as a reference point for team collaboration detailing specific requirements or problems to be addressed. Tickets aid in project management facilitating efficient allocation of resources and tracking of progress throughout the development cycle.,,/home/amanpreet/Jmeter_testcase&files/media_attachments/Screencast from 11-01-24 11_33_33 AM IST.webm
client,undefined,create,,Jmeter Ticket64,1,1,1,1,A ticket in JMeter signifies a task or issue logged within the software for tracking purposes. It serves as a reference point for team collaboration detailing specific requirements or problems to be addressed. Tickets aid in project management facilitating efficient allocation of resources and tracking of progress throughout the development cycle.,,/home/amanpreet/Jmeter_testcase&files/media_attachments/video.webm
client,undefined,create,,Jmeter Ticket65,1,4,1,1,A ticket in JMeter signifies a task or issue logged within the software for tracking purposes. It serves as a reference point for team collaboration detailing specific requirements or problems to be addressed. Tickets aid in project management facilitating efficient allocation of resources and tracking of progress throughout the development cycle.,,/home/amanpreet/Jmeter_testcase&files/media_attachments/video.webm
client,undefined,create,,Jmeter Ticket66,1,4,1,1,A ticket in JMeter signifies a task or issue logged within the software for tracking purposes. It serves as a reference point for team collaboration detailing specific requirements or problems to be addressed. Tickets aid in project management facilitating efficient allocation of resources and tracking of progress throughout the development cycle.,,/home/amanpreet/Jmeter_testcase&files/media_attachments/Screencast from 11-01-24 11_33_33 AM IST.webm
client,undefined,create,,Jmeter Ticket67,1,3,1,1,A ticket in JMeter signifies a task or issue logged within the software for tracking purposes. It serves as a reference point for team collaboration detailing specific requirements or problems to be addressed. Tickets aid in project management facilitating efficient allocation of resources and tracking of progress throughout the development cycle.,,/home/amanpreet/Jmeter_testcase&files/media_attachments/video.webm
client,undefined,create,,Jmeter Ticket68,1,2,1,1,A ticket in JMeter signifies a task or issue logged within the software for tracking purposes. It serves as a reference point for team collaboration detailing specific requirements or problems to be addressed. Tickets aid in project management facilitating efficient allocation of resources and tracking of progress throughout the development cycle.,,/home/amanpreet/Jmeter_testcase&files/media_attachments/Screencast from 11-01-24 11_33_33 AM IST.webm
client,undefined,create,,Jmeter Ticket69,1,1,1,1,A ticket in JMeter signifies a task or issue logged within the software for tracking purposes. It serves as a reference point for team collaboration detailing specific requirements or problems to be addressed. Tickets aid in project management facilitating efficient allocation of resources and tracking of progress throughout the development cycle.,,/home/amanpreet/Jmeter_testcase&files/media_attachments/video.webm
client,undefined,create,,Jmeter Ticket70,1,4,1,1,A ticket in JMeter signifies a task or issue logged within the software for tracking purposes. It serves as a reference point for team collaboration detailing specific requirements or problems to be addressed. Tickets aid in project management facilitating efficient allocation of resources and tracking of progress throughout the development cycle.,,/home/amanpreet/Jmeter_testcase&files/media_attachments/Screencast from 11-01-24 11_33_33 AM IST.webm
client,undefined,create,,Jmeter Ticket71,1,4,1,1,A ticket in JMeter signifies a task or issue logged within the software for tracking purposes. It serves as a reference point for team collaboration detailing specific requirements or problems to be addressed. Tickets aid in project management facilitating efficient allocation of resources and tracking of progress throughout the development cycle.,,/home/amanpreet/Jmeter_testcase&files/media_attachments/video.webm
client,undefined,create,,Jmeter Ticket72,1,3,1,1,A ticket in JMeter signifies a task or issue logged within the software for tracking purposes. It serves as a reference point for team collaboration detailing specific requirements or problems to be addressed. Tickets aid in project management facilitating efficient allocation of resources and tracking of progress throughout the development cycle.,,/home/amanpreet/Jmeter_testcase&files/media_attachments/Screencast from 11-01-24 11_33_33 AM IST.webm
client,undefined,create,,Jmeter Ticket73,1,2,1,1,A ticket in JMeter signifies a task or issue logged within the software for tracking purposes. It serves as a reference point for team collaboration detailing specific requirements or problems to be addressed. Tickets aid in project management facilitating efficient allocation of resources and tracking of progress throughout the development cycle.,,/home/amanpreet/Jmeter_testcase&files/media_attachments/video.webm
client,undefined,create,,Jmeter Ticket74,1,1,1,1,A ticket in JMeter signifies a task or issue logged within the software for tracking purposes. It serves as a reference point for team collaboration detailing specific requirements or problems to be addressed. Tickets aid in project management facilitating efficient allocation of resources and tracking of progress throughout the development cycle.,,/home/amanpreet/Jmeter_testcase&files/media_attachments/Screencast from 11-01-24 11_33_33 AM IST.webm
client,undefined,create,,Jmeter Ticket75,1,4,1,1,A ticket in JMeter signifies a task or issue logged within the software for tracking purposes. It serves as a reference point for team collaboration detailing specific requirements or problems to be addressed. Tickets aid in project management facilitating efficient allocation of resources and tracking of progress throughout the development cycle.,,/home/amanpreet/Jmeter_testcase&files/media_attachments/video.webm
client,undefined,create,,Jmeter Ticket76,1,4,1,1,A ticket in JMeter signifies a task or issue logged within the software for tracking purposes. It serves as a reference point for team collaboration detailing specific requirements or problems to be addressed. Tickets aid in project management facilitating efficient allocation of resources and tracking of progress throughout the development cycle.,,/home/amanpreet/Jmeter_testcase&files/media_attachments/Screencast from 11-01-24 11_33_33 AM IST.webm
client,undefined,create,,Jmeter Ticket77,1,3,1,1,A ticket in JMeter signifies a task or issue logged within the software for tracking purposes. It serves as a reference point for team collaboration detailing specific requirements or problems to be addressed. Tickets aid in project management facilitating efficient allocation of resources and tracking of progress throughout the development cycle.,,/home/amanpreet/Jmeter_testcase&files/media_attachments/video.webm
client,undefined,create,,Jmeter Ticket78,1,2,1,1,A ticket in JMeter signifies a task or issue logged within the software for tracking purposes. It serves as a reference point for team collaboration detailing specific requirements or problems to be addressed. Tickets aid in project management facilitating efficient allocation of resources and tracking of progress throughout the development cycle.,,/home/amanpreet/Jmeter_testcase&files/media_attachments/Screencast from 11-01-24 11_33_33 AM IST.webm
client,undefined,create,,Jmeter Ticket79,1,1,1,1,A ticket in JMeter signifies a task or issue logged within the software for tracking purposes. It serves as a reference point for team collaboration detailing specific requirements or problems to be addressed. Tickets aid in project management facilitating efficient allocation of resources and tracking of progress throughout the development cycle.,,/home/amanpreet/Jmeter_testcase&files/media_attachments/video.webm
client,undefined,create,,Jmeter Ticket80,1,4,1,1,A ticket in JMeter signifies a task or issue logged within the software for tracking purposes. It serves as a reference point for team collaboration detailing specific requirements or problems to be addressed. Tickets aid in project management facilitating efficient allocation of resources and tracking of progress throughout the development cycle.,,/home/amanpreet/Jmeter_testcase&files/media_attachments/Screencast from 11-01-24 11_33_33 AM IST.webm
client,undefined,create,,Jmeter Ticket81,1,4,1,1,A ticket in JMeter signifies a task or issue logged within the software for tracking purposes. It serves as a reference point for team collaboration detailing specific requirements or problems to be addressed. Tickets aid in project management facilitating efficient allocation of resources and tracking of progress throughout the development cycle.,,/home/amanpreet/Jmeter_testcase&files/media_attachments/video.webm
client,undefined,create,,Jmeter Ticket82,1,3,1,1,A ticket in JMeter signifies a task or issue logged within the software for tracking purposes. It serves as a reference point for team collaboration detailing specific requirements or problems to be addressed. Tickets aid in project management facilitating efficient allocation of resources and tracking of progress throughout the development cycle.,,/home/amanpreet/Jmeter_testcase&files/media_attachments/Screencast from 11-01-24 11_33_33 AM IST.webm
client,undefined,create,,Jmeter Ticket83,1,2,1,1,A ticket in JMeter signifies a task or issue logged within the software for tracking purposes. It serves as a reference point for team collaboration detailing specific requirements or problems to be addressed. Tickets aid in project management facilitating efficient allocation of resources and tracking of progress throughout the development cycle.,,/home/amanpreet/Jmeter_testcase&files/media_attachments/video.webm
client,undefined,create,,Jmeter Ticket84,1,1,1,1,A ticket in JMeter signifies a task or issue logged within the software for tracking purposes. It serves as a reference point for team collaboration detailing specific requirements or problems to be addressed. Tickets aid in project management facilitating efficient allocation of resources and tracking of progress throughout the development cycle.,,/home/amanpreet/Jmeter_testcase&files/media_attachments/Screencast from 11-01-24 11_33_33 AM IST.webm
client,undefined,create,,Jmeter Ticket85,1,4,1,1,A ticket in JMeter signifies a task or issue logged within the software for tracking purposes. It serves as a reference point for team collaboration detailing specific requirements or problems to be addressed. Tickets aid in project management facilitating efficient allocation of resources and tracking of progress throughout the development cycle.,,/home/amanpreet/Jmeter_testcase&files/media_attachments/video.webm
client,undefined,create,,Jmeter Ticket86,1,4,1,1,A ticket in JMeter signifies a task or issue logged within the software for tracking purposes. It serves as a reference point for team collaboration detailing specific requirements or problems to be addressed. Tickets aid in project management facilitating efficient allocation of resources and tracking of progress throughout the development cycle.,,/home/amanpreet/Jmeter_testcase&files/media_attachments/video.webm
client,undefined,create,,Jmeter Ticket87,1,3,1,1,A ticket in JMeter signifies a task or issue logged within the software for tracking purposes. It serves as a reference point for team collaboration detailing specific requirements or problems to be addressed. Tickets aid in project management facilitating efficient allocation of resources and tracking of progress throughout the development cycle.,,/home/amanpreet/Jmeter_testcase&files/media_attachments/Screencast from 11-01-24 11_33_33 AM IST.webm
client,undefined,create,,Jmeter Ticket88,1,2,1,1,A ticket in JMeter signifies a task or issue logged within the software for tracking purposes. It serves as a reference point for team collaboration detailing specific requirements or problems to be addressed. Tickets aid in project management facilitating efficient allocation of resources and tracking of progress throughout the development cycle.,,/home/amanpreet/Jmeter_testcase&files/media_attachments/video.webm
client,undefined,create,,Jmeter Ticket89,1,1,1,1,A ticket in JMeter signifies a task or issue logged within the software for tracking purposes. It serves as a reference point for team collaboration detailing specific requirements or problems to be addressed. Tickets aid in project management facilitating efficient allocation of resources and tracking of progress throughout the development cycle.,,/home/amanpreet/Jmeter_testcase&files/media_attachments/Screencast from 11-01-24 11_33_33 AM IST.webm
client,undefined,create,,Jmeter Ticket90,1,4,1,1,A ticket in JMeter signifies a task or issue logged within the software for tracking purposes. It serves as a reference point for team collaboration detailing specific requirements or problems to be addressed. Tickets aid in project management facilitating efficient allocation of resources and tracking of progress throughout the development cycle.,,/home/amanpreet/Jmeter_testcase&files/media_attachments/video.webm
client,undefined,create,,Jmeter Ticket91,1,4,1,1,A ticket in JMeter signifies a task or issue logged within the software for tracking purposes. It serves as a reference point for team collaboration detailing specific requirements or problems to be addressed. Tickets aid in project management facilitating efficient allocation of resources and tracking of progress throughout the development cycle.,,/home/amanpreet/Jmeter_testcase&files/media_attachments/Screencast from 11-01-24 11_33_33 AM IST.webm
client,undefined,create,,Jmeter Ticket92,1,3,1,1,A ticket in JMeter signifies a task or issue logged within the software for tracking purposes. It serves as a reference point for team collaboration detailing specific requirements or problems to be addressed. Tickets aid in project management facilitating efficient allocation of resources and tracking of progress throughout the development cycle.,,/home/amanpreet/Jmeter_testcase&files/media_attachments/video.webm
client,undefined,create,,Jmeter Ticket93,1,2,1,1,A ticket in JMeter signifies a task or issue logged within the software for tracking purposes. It serves as a reference point for team collaboration detailing specific requirements or problems to be addressed. Tickets aid in project management facilitating efficient allocation of resources and tracking of progress throughout the development cycle.,,/home/amanpreet/Jmeter_testcase&files/media_attachments/Screencast from 11-01-24 11_33_33 AM IST.webm
client,undefined,create,,Jmeter Ticket94,1,1,1,1,A ticket in JMeter signifies a task or issue logged within the software for tracking purposes. It serves as a reference point for team collaboration detailing specific requirements or problems to be addressed. Tickets aid in project management facilitating efficient allocation of resources and tracking of progress throughout the development cycle.,,/home/amanpreet/Jmeter_testcase&files/media_attachments/video.webm
client,undefined,create,,Jmeter Ticket95,1,4,1,1,A ticket in JMeter signifies a task or issue logged within the software for tracking purposes. It serves as a reference point for team collaboration detailing specific requirements or problems to be addressed. Tickets aid in project management facilitating efficient allocation of resources and tracking of progress throughout the development cycle.,,/home/amanpreet/Jmeter_testcase&files/media_attachments/Screencast from 11-01-24 11_33_33 AM IST.webm
client,undefined,create,,Jmeter Ticket96,1,4,1,1,A ticket in JMeter signifies a task or issue logged within the software for tracking purposes. It serves as a reference point for team collaboration detailing specific requirements or problems to be addressed. Tickets aid in project management facilitating efficient allocation of resources and tracking of progress throughout the development cycle.,,/home/amanpreet/Jmeter_testcase&files/media_attachments/video.webm
client,undefined,create,,Jmeter Ticket97,1,3,1,1,A ticket in JMeter signifies a task or issue logged within the software for tracking purposes. It serves as a reference point for team collaboration detailing specific requirements or problems to be addressed. Tickets aid in project management facilitating efficient allocation of resources and tracking of progress throughout the development cycle.,,/home/amanpreet/Jmeter_testcase&files/media_attachments/Screencast from 11-01-24 11_33_33 AM IST.webm
client,undefined,create,,Jmeter Ticket98,1,2,1,1,A ticket in JMeter signifies a task or issue logged within the software for tracking purposes. It serves as a reference point for team collaboration detailing specific requirements or problems to be addressed. Tickets aid in project management facilitating efficient allocation of resources and tracking of progress throughout the development cycle.,,/home/amanpreet/Jmeter_testcase&files/media_attachments/video.webm
client,undefined,create,,Jmeter Ticket99,1,1,1,1,A ticket in JMeter signifies a task or issue logged within the software for tracking purposes. It serves as a reference point for team collaboration detailing specific requirements or problems to be addressed. Tickets aid in project management facilitating efficient allocation of resources and tracking of progress throughout the development cycle.,,/home/amanpreet/Jmeter_testcase&files/media_attachments/Screencast from 11-01-24 11_33_33 AM IST.webm
client,undefined,create,,Jmeter Ticket100,1,4,1,1,A ticket in JMeter signifies a task or issue logged within the software for tracking purposes. It serves as a reference point for team collaboration detailing specific requirements or problems to be addressed. Tickets aid in project management facilitating efficient allocation of resources and tracking of progress throughout the development cycle.,,/home/amanpreet/Jmeter_testcase&files/media_attachments/video.webm
client,undefined,create,,Jmeter Ticket101,1,4,1,1,A ticket in JMeter signifies a task or issue logged within the software for tracking purposes. It serves as a reference point for team collaboration detailing specific requirements or problems to be addressed. Tickets aid in project management facilitating efficient allocation of resources and tracking of progress throughout the development cycle.,,/home/amanpreet/Jmeter_testcase&files/media_attachments/Screencast from 11-01-24 11_33_33 AM IST.webm
client,undefined,create,,Jmeter Ticket102,1,3,1,1,A ticket in JMeter signifies a task or issue logged within the software for tracking purposes. It serves as a reference point for team collaboration detailing specific requirements or problems to be addressed. Tickets aid in project management facilitating efficient allocation of resources and tracking of progress throughout the development cycle.,,/home/amanpreet/Jmeter_testcase&files/media_attachments/video.webm
client,undefined,create,,Jmeter Ticket103,1,2,1,1,A ticket in JMeter signifies a task or issue logged within the software for tracking purposes. It serves as a reference point for team collaboration detailing specific requirements or problems to be addressed. Tickets aid in project management facilitating efficient allocation of resources and tracking of progress throughout the development cycle.,,/home/amanpreet/Jmeter_testcase&files/media_attachments/Screencast from 11-01-24 11_33_33 AM IST.webm
client,undefined,create,,Jmeter Ticket104,1,1,1,1,A ticket in JMeter signifies a task or issue logged within the software for tracking purposes. It serves as a reference point for team collaboration detailing specific requirements or problems to be addressed. Tickets aid in project management facilitating efficient allocation of resources and tracking of progress throughout the development cycle.,,/home/amanpreet/Jmeter_testcase&files/media_attachments/video.webm
client,undefined,create,,Jmeter Ticket105,1,4,1,1,A ticket in JMeter signifies a task or issue logged within the software for tracking purposes. It serves as a reference point for team collaboration detailing specific requirements or problems to be addressed. Tickets aid in project management facilitating efficient allocation of resources and tracking of progress throughout the development cycle.,,/home/amanpreet/Jmeter_testcase&files/media_attachments/Screencast from 11-01-24 11_33_33 AM IST.webm
client,undefined,create,,Jmeter Ticket106,1,4,1,1,A ticket in JMeter signifies a task or issue logged within the software for tracking purposes. It serves as a reference point for team collaboration detailing specific requirements or problems to be addressed. Tickets aid in project management facilitating efficient allocation of resources and tracking of progress throughout the development cycle.,,/home/amanpreet/Jmeter_testcase&files/media_attachments/video.webm
client,undefined,create,,Jmeter Ticket107,1,3,1,1,A ticket in JMeter signifies a task or issue logged within the software for tracking purposes. It serves as a reference point for team collaboration detailing specific requirements or problems to be addressed. Tickets aid in project management facilitating efficient allocation of resources and tracking of progress throughout the development cycle.,,/home/amanpreet/Jmeter_testcase&files/media_attachments/Screencast from 11-01-24 11_33_33 AM IST.webm
client,undefined,create,,Jmeter Ticket108,1,2,1,1,A ticket in JMeter signifies a task or issue logged within the software for tracking purposes. It serves as a reference point for team collaboration detailing specific requirements or problems to be addressed. Tickets aid in project management facilitating efficient allocation of resources and tracking of progress throughout the development cycle.,,/home/amanpreet/Jmeter_testcase&files/media_attachments/video.webm
client,undefined,create,,Jmeter Ticket109,1,1,1,1,A ticket in JMeter signifies a task or issue logged within the software for tracking purposes. It serves as a reference point for team collaboration detailing specific requirements or problems to be addressed. Tickets aid in project management facilitating efficient allocation of resources and tracking of progress throughout the development cycle.,,/home/amanpreet/Jmeter_testcase&files/media_attachments/Screencast from 11-01-24 11_33_33 AM IST.webm
client,undefined,create,,Jmeter Ticket110,1,4,1,1,A ticket in JMeter signifies a task or issue logged within the software for tracking purposes. It serves as a reference point for team collaboration detailing specific requirements or problems to be addressed. Tickets aid in project management facilitating efficient allocation of resources and tracking of progress throughout the development cycle.,,/home/amanpreet/Jmeter_testcase&files/media_attachments/video.webm
client,undefined,create,,Jmeter Ticket111,1,4,1,1,A ticket in JMeter signifies a task or issue logged within the software for tracking purposes. It serves as a reference point for team collaboration detailing specific requirements or problems to be addressed. Tickets aid in project management facilitating efficient allocation of resources and tracking of progress throughout the development cycle.,,/home/amanpreet/Jmeter_testcase&files/media_attachments/Screencast from 11-01-24 11_33_33 AM IST.webm
client,undefined,create,,Jmeter Ticket112,1,3,1,1,A ticket in JMeter signifies a task or issue logged within the software for tracking purposes. It serves as a reference point for team collaboration detailing specific requirements or problems to be addressed. Tickets aid in project management facilitating efficient allocation of resources and tracking of progress throughout the development cycle.,,/home/amanpreet/Jmeter_testcase&files/media_attachments/video.webm
client,undefined,create,,Jmeter Ticket113,1,2,1,1,A ticket in JMeter signifies a task or issue logged within the software for tracking purposes. It serves as a reference point for team collaboration detailing specific requirements or problems to be addressed. Tickets aid in project management facilitating efficient allocation of resources and tracking of progress throughout the development cycle.,,/home/amanpreet/Jmeter_testcase&files/media_attachments/Screencast from 11-01-24 11_33_33 AM IST.webm
client,undefined,create,,Jmeter Ticket114,1,1,1,1,A ticket in JMeter signifies a task or issue logged within the software for tracking purposes. It serves as a reference point for team collaboration detailing specific requirements or problems to be addressed. Tickets aid in project management facilitating efficient allocation of resources and tracking of progress throughout the development cycle.,,/home/amanpreet/Jmeter_testcase&files/media_attachments/video.webm
client,undefined,create,,Jmeter Ticket115,1,4,1,1,A ticket in JMeter signifies a task or issue logged within the software for tracking purposes. It serves as a reference point for team collaboration detailing specific requirements or problems to be addressed. Tickets aid in project management facilitating efficient allocation of resources and tracking of progress throughout the development cycle.,,/home/amanpreet/Jmeter_testcase&files/media_attachments/Screencast from 11-01-24 11_33_33 AM IST.webm
client,undefined,create,,Jmeter Ticket116,1,4,1,1,A ticket in JMeter signifies a task or issue logged within the software for tracking purposes. It serves as a reference point for team collaboration detailing specific requirements or problems to be addressed. Tickets aid in project management facilitating efficient allocation of resources and tracking of progress throughout the development cycle.,,/home/amanpreet/Jmeter_testcase&files/media_attachments/video.webm
client,undefined,create,,Jmeter Ticket117,1,3,1,1,A ticket in JMeter signifies a task or issue logged within the software for tracking purposes. It serves as a reference point for team collaboration detailing specific requirements or problems to be addressed. Tickets aid in project management facilitating efficient allocation of resources and tracking of progress throughout the development cycle.,,/home/amanpreet/Jmeter_testcase&files/media_attachments/Screencast from 11-01-24 11_33_33 AM IST.webm
client,undefined,create,,Jmeter Ticket118,1,2,1,1,A ticket in JMeter signifies a task or issue logged within the software for tracking purposes. It serves as a reference point for team collaboration detailing specific requirements or problems to be addressed. Tickets aid in project management facilitating efficient allocation of resources and tracking of progress throughout the development cycle.,,/home/amanpreet/Jmeter_testcase&files/media_attachments/video.webm
client,undefined,create,,Jmeter Ticket119,1,1,1,1,A ticket in JMeter signifies a task or issue logged within the software for tracking purposes. It serves as a reference point for team collaboration detailing specific requirements or problems to be addressed. Tickets aid in project management facilitating efficient allocation of resources and tracking of progress throughout the development cycle.,,/home/amanpreet/Jmeter_testcase&files/media_attachments/Screencast from 11-01-24 11_33_33 AM IST.webm
client,undefined,create,,Jmeter Ticket120,1,4,1,1,A ticket in JMeter signifies a task or issue logged within the software for tracking purposes. It serves as a reference point for team collaboration detailing specific requirements or problems to be addressed. Tickets aid in project management facilitating efficient allocation of resources and tracking of progress throughout the development cycle.,,/home/amanpreet/Jmeter_testcase&files/media_attachments/video.webm
client,undefined,create,,Jmeter Ticket121,1,4,1,1,A ticket in JMeter signifies a task or issue logged within the software for tracking purposes. It serves as a reference point for team collaboration detailing specific requirements or problems to be addressed. Tickets aid in project management facilitating efficient allocation of resources and tracking of progress throughout the development cycle.,,/home/amanpreet/Jmeter_testcase&files/media_attachments/Screencast from 11-01-24 11_33_33 AM IST.webm
client,undefined,create,,Jmeter Ticket122,1,3,1,1,A ticket in JMeter signifies a task or issue logged within the software for tracking purposes. It serves as a reference point for team collaboration detailing specific requirements or problems to be addressed. Tickets aid in project management facilitating efficient allocation of resources and tracking of progress throughout the development cycle.,,/home/amanpreet/Jmeter_testcase&files/media_attachments/video.webm
client,undefined,create,,Jmeter Ticket123,1,2,1,1,A ticket in JMeter signifies a task or issue logged within the software for tracking purposes. It serves as a reference point for team collaboration detailing specific requirements or problems to be addressed. Tickets aid in project management facilitating efficient allocation of resources and tracking of progress throughout the development cycle.,,/home/amanpreet/Jmeter_testcase&files/media_attachments/Screencast from 11-01-24 11_33_33 AM IST.webm
client,undefined,create,,Jmeter Ticket124,1,1,1,1,A ticket in JMeter signifies a task or issue logged within the software for tracking purposes. It serves as a reference point for team collaboration detailing specific requirements or problems to be addressed. Tickets aid in project management facilitating efficient allocation of resources and tracking of progress throughout the development cycle.,,/home/amanpreet/Jmeter_testcase&files/media_attachments/video.webm
client,undefined,create,,Jmeter Ticket125,1,4,1,1,A ticket in JMeter signifies a task or issue logged within the software for tracking purposes. It serves as a reference point for team collaboration detailing specific requirements or problems to be addressed. Tickets aid in project management facilitating efficient allocation of resources and tracking of progress throughout the development cycle.,,/home/amanpreet/Jmeter_testcase&files/media_attachments/Screencast from 11-01-24 11_33_33 AM IST.webm
client,undefined,create,,Jmeter Ticket126,1,4,1,1,A ticket in JMeter signifies a task or issue logged within the software for tracking purposes. It serves as a reference point for team collaboration detailing specific requirements or problems to be addressed. Tickets aid in project management facilitating efficient allocation of resources and tracking of progress throughout the development cycle.,,/home/amanpreet/Jmeter_testcase&files/media_attachments/video.webm
client,undefined,create,,Jmeter Ticket127,1,3,1,1,A ticket in JMeter signifies a task or issue logged within the software for tracking purposes. It serves as a reference point for team collaboration detailing specific requirements or problems to be addressed. Tickets aid in project management facilitating efficient allocation of resources and tracking of progress throughout the development cycle.,,/home/amanpreet/Jmeter_testcase&files/media_attachments/Screencast from 11-01-24 11_33_33 AM IST.webm
client,undefined,create,,Jmeter Ticket128,1,2,1,1,A ticket in JMeter signifies a task or issue logged within the software for tracking purposes. It serves as a reference point for team collaboration detailing specific requirements or problems to be addressed. Tickets aid in project management facilitating efficient allocation of resources and tracking of progress throughout the development cycle.,,/home/amanpreet/Jmeter_testcase&files/media_attachments/video.webm
client,undefined,create,,Jmeter Ticket129,1,1,1,1,A ticket in JMeter signifies a task or issue logged within the software for tracking purposes. It serves as a reference point for team collaboration detailing specific requirements or problems to be addressed. Tickets aid in project management facilitating efficient allocation of resources and tracking of progress throughout the development cycle.,,/home/amanpreet/Jmeter_testcase&files/media_attachments/Screencast from 11-01-24 11_33_33 AM IST.webm
client,undefined,create,,Jmeter Ticket130,1,4,1,1,A ticket in JMeter signifies a task or issue logged within the software for tracking purposes. It serves as a reference point for team collaboration detailing specific requirements or problems to be addressed. Tickets aid in project management facilitating efficient allocation of resources and tracking of progress throughout the development cycle.,,/home/amanpreet/Jmeter_testcase&files/media_attachments/video.webm
client,undefined,create,,Jmeter Ticket131,1,4,1,1,A ticket in JMeter signifies a task or issue logged within the software for tracking purposes. It serves as a reference point for team collaboration detailing specific requirements or problems to be addressed. Tickets aid in project management facilitating efficient allocation of resources and tracking of progress throughout the development cycle.,,/home/amanpreet/Jmeter_testcase&files/media_attachments/Screencast from 11-01-24 11_33_33 AM IST.webm
client,undefined,create,,Jmeter Ticket132,1,3,1,1,A ticket in JMeter signifies a task or issue logged within the software for tracking purposes. It serves as a reference point for team collaboration detailing specific requirements or problems to be addressed. Tickets aid in project management facilitating efficient allocation of resources and tracking of progress throughout the development cycle.,,/home/amanpreet/Jmeter_testcase&files/media_attachments/video.webm
client,undefined,create,,Jmeter Ticket133,1,2,1,1,A ticket in JMeter signifies a task or issue logged within the software for tracking purposes. It serves as a reference point for team collaboration detailing specific requirements or problems to be addressed. Tickets aid in project management facilitating efficient allocation of resources and tracking of progress throughout the development cycle.,,/home/amanpreet/Jmeter_testcase&files/media_attachments/Screencast from 11-01-24 11_33_33 AM IST.webm
client,undefined,create,,Jmeter Ticket134,1,1,1,1,A ticket in JMeter signifies a task or issue logged within the software for tracking purposes. It serves as a reference point for team collaboration detailing specific requirements or problems to be addressed. Tickets aid in project management facilitating efficient allocation of resources and tracking of progress throughout the development cycle.,,/home/amanpreet/Jmeter_testcase&files/media_attachments/video.webm
client,undefined,create,,Jmeter Ticket135,1,4,1,1,A ticket in JMeter signifies a task or issue logged within the software for tracking purposes. It serves as a reference point for team collaboration detailing specific requirements or problems to be addressed. Tickets aid in project management facilitating efficient allocation of resources and tracking of progress throughout the development cycle.,,/home/amanpreet/Jmeter_testcase&files/media_attachments/Screencast from 11-01-24 11_33_33 AM IST.webm
client,undefined,create,,Jmeter Ticket137,1,3,1,1,A ticket in JMeter signifies a task or issue logged within the software for tracking purposes. It serves as a reference point for team collaboration detailing specific requirements or problems to be addressed. Tickets aid in project management facilitating efficient allocation of resources and tracking of progress throughout the development cycle.,,/home/amanpreet/Jmeter_testcase&files/media_attachments/video.webm
client,undefined,create,,Jmeter Ticket138,1,2,1,1,A ticket in JMeter signifies a task or issue logged within the software for tracking purposes. It serves as a reference point for team collaboration detailing specific requirements or problems to be addressed. Tickets aid in project management facilitating efficient allocation of resources and tracking of progress throughout the development cycle.,,/home/amanpreet/Jmeter_testcase&files/media_attachments/Screencast from 11-01-24 11_33_33 AM IST.webm
client,undefined,create,,Jmeter Ticket139,1,1,1,1,A ticket in JMeter signifies a task or issue logged within the software for tracking purposes. It serves as a reference point for team collaboration detailing specific requirements or problems to be addressed. Tickets aid in project management facilitating efficient allocation of resources and tracking of progress throughout the development cycle.,,/home/amanpreet/Jmeter_testcase&files/media_attachments/video.webm
client,undefined,create,,Jmeter Ticket140,1,4,1,1,A ticket in JMeter signifies a task or issue logged within the software for tracking purposes. It serves as a reference point for team collaboration detailing specific requirements or problems to be addressed. Tickets aid in project management facilitating efficient allocation of resources and tracking of progress throughout the development cycle.,,/home/amanpreet/Jmeter_testcase&files/media_attachments/Screencast from 11-01-24 11_33_33 AM IST.webm
client,undefined,create,,Jmeter Ticket141,1,4,1,1,A ticket in JMeter signifies a task or issue logged within the software for tracking purposes. It serves as a reference point for team collaboration detailing specific requirements or problems to be addressed. Tickets aid in project management facilitating efficient allocation of resources and tracking of progress throughout the development cycle.,,/home/amanpreet/Jmeter_testcase&files/media_attachments/video.webm
client,undefined,create,,Jmeter Ticket142,1,3,1,1,A ticket in JMeter signifies a task or issue logged within the software for tracking purposes. It serves as a reference point for team collaboration detailing specific requirements or problems to be addressed. Tickets aid in project management facilitating efficient allocation of resources and tracking of progress throughout the development cycle.,,/home/amanpreet/Jmeter_testcase&files/media_attachments/Screencast from 11-01-24 11_33_33 AM IST.webm
client,undefined,create,,Jmeter Ticket143,1,2,1,1,A ticket in JMeter signifies a task or issue logged within the software for tracking purposes. It serves as a reference point for team collaboration detailing specific requirements or problems to be addressed. Tickets aid in project management facilitating efficient allocation of resources and tracking of progress throughout the development cycle.,,/home/amanpreet/Jmeter_testcase&files/media_attachments/video.webm
client,undefined,create,,Jmeter Ticket144,1,1,1,1,A ticket in JMeter signifies a task or issue logged within the software for tracking purposes. It serves as a reference point for team collaboration detailing specific requirements or problems to be addressed. Tickets aid in project management facilitating efficient allocation of resources and tracking of progress throughout the development cycle.,,/home/amanpreet/Jmeter_testcase&files/media_attachments/Screencast from 11-01-24 11_33_33 AM IST.webm
client,undefined,create,,Jmeter Ticket145,1,4,1,1,A ticket in JMeter signifies a task or issue logged within the software for tracking purposes. It serves as a reference point for team collaboration detailing specific requirements or problems to be addressed. Tickets aid in project management facilitating efficient allocation of resources and tracking of progress throughout the development cycle.,,/home/amanpreet/Jmeter_testcase&files/media_attachments/video.webm
client,undefined,create,,Jmeter Ticket146,1,4,1,1,A ticket in JMeter signifies a task or issue logged within the software for tracking purposes. It serves as a reference point for team collaboration detailing specific requirements or problems to be addressed. Tickets aid in project management facilitating efficient allocation of resources and tracking of progress throughout the development cycle.,,/home/amanpreet/Jmeter_testcase&files/media_attachments/Screencast from 11-01-24 11_33_33 AM IST.webm
client,undefined,create,,Jmeter Ticket147,1,3,1,1,A ticket in JMeter signifies a task or issue logged within the software for tracking purposes. It serves as a reference point for team collaboration detailing specific requirements or problems to be addressed. Tickets aid in project management facilitating efficient allocation of resources and tracking of progress throughout the development cycle.,,/home/amanpreet/Jmeter_testcase&files/media_attachments/video.webm
client,undefined,create,,Jmeter Ticket148,1,2,1,1,A ticket in JMeter signifies a task or issue logged within the software for tracking purposes. It serves as a reference point for team collaboration detailing specific requirements or problems to be addressed. Tickets aid in project management facilitating efficient allocation of resources and tracking of progress throughout the development cycle.,,/home/amanpreet/Jmeter_testcase&files/media_attachments/Screencast from 11-01-24 11_33_33 AM IST.webm
client,undefined,create,,Jmeter Ticket149,1,1,1,1,A ticket in JMeter signifies a task or issue logged within the software for tracking purposes. It serves as a reference point for team collaboration detailing specific requirements or problems to be addressed. Tickets aid in project management facilitating efficient allocation of resources and tracking of progress throughout the development cycle.,,/home/amanpreet/Jmeter_testcase&files/media_attachments/video.webm
client,undefined,create,,Jmeter Ticket150,1,4,1,1,A ticket in JMeter signifies a task or issue logged within the software for tracking purposes. It serves as a reference point for team collaboration detailing specific requirements or problems to be addressed. Tickets aid in project management facilitating efficient allocation of resources and tracking of progress throughout the development cycle.,,/home/amanpreet/Jmeter_testcase&files/media_attachments/Screencast from 11-01-24 11_33_33 AM IST.webm
