panel,g-recaptcha-response,scenario,requester,cc,subject,status_id,priority_id,help_topic_id,department_id,description,adhoc_approvers_agent,filepath
agent,undefined,create,1,,Jmeter Ticket1,1,4,1,1,In the labyrinth of software trials this ticket emerges birthed within JMeter's realm a sentinel of performance scrutiny. It bears the weight of meticulous scripts a blueprint for digital endurance. With every iteration it charts the course through virtual traffic seeking the elusive balance between load and efficiency in the digital expanse.,,home/amanpreet/Jmeter_testcase&files/media_attachments/Screencast from 09-02-24 05_52_20 PM IST.webm
agent,undefined,create,2,,Jmeter Ticket2,1,3,1,1,In the labyrinth of software trials this ticket emerges birthed within JMeter's realm a sentinel of performance scrutiny. It bears the weight of meticulous scripts a blueprint for digital endurance. With every iteration it charts the course through virtual traffic seeking the elusive balance between load and efficiency in the digital expanse.,,home/amanpreet/Jmeter_testcase&files/media_attachments/Screencast from 09-02-24 05_52_20 PM IST.webm
agent,undefined,create,3,,Jmeter Ticket3,1,2,1,1,In the labyrinth of software trials this ticket emerges birthed within JMeter's realm a sentinel of performance scrutiny. It bears the weight of meticulous scripts a blueprint for digital endurance. With every iteration it charts the course through virtual traffic seeking the elusive balance between load and efficiency in the digital expanse.,,home/amanpreet/Jmeter_testcase&files/media_attachments/Screencast from 11-01-24 11_33_33 AM IST.webm
agent,undefined,create,4,,Jmeter Ticket4,1,1,1,1,In the labyrinth of software trials this ticket emerges birthed within JMeter's realm a sentinel of performance scrutiny. It bears the weight of meticulous scripts a blueprint for digital endurance. With every iteration it charts the course through virtual traffic seeking the elusive balance between load and efficiency in the digital expanse.,,home/amanpreet/Jmeter_testcase&files/media_attachments/Screencast from 09-02-24 05_52_20 PM IST.webm
agent,undefined,create,5,,Jmeter Ticket5,1,4,1,1,In the labyrinth of software trials this ticket emerges birthed within JMeter's realm a sentinel of performance scrutiny. It bears the weight of meticulous scripts a blueprint for digital endurance. With every iteration it charts the course through virtual traffic seeking the elusive balance between load and efficiency in the digital expanse.,,home/amanpreet/Jmeter_testcase&files/media_attachments/Screencast from 11-01-24 11_33_33 AM IST.webm
agent,undefined,create,6,,Jmeter Ticket6,1,4,1,1,In the labyrinth of software trials this ticket emerges birthed within JMeter's realm a sentinel of performance scrutiny. It bears the weight of meticulous scripts a blueprint for digital endurance. With every iteration it charts the course through virtual traffic seeking the elusive balance between load and efficiency in the digital expanse.,,home/amanpreet/Jmeter_testcase&files/media_attachments/Screencast from 09-02-24 05_52_20 PM IST.webm
agent,undefined,create,7,,Jmeter Ticket7,1,3,1,1,In the labyrinth of software trials this ticket emerges birthed within JMeter's realm a sentinel of performance scrutiny. It bears the weight of meticulous scripts a blueprint for digital endurance. With every iteration it charts the course through virtual traffic seeking the elusive balance between load and efficiency in the digital expanse.,,home/amanpreet/Jmeter_testcase&files/media_attachments/Screencast from 11-01-24 11_33_33 AM IST.webm
agent,undefined,create,8,,Jmeter Ticket8,1,2,1,1,In the labyrinth of software trials this ticket emerges birthed within JMeter's realm a sentinel of performance scrutiny. It bears the weight of meticulous scripts a blueprint for digital endurance. With every iteration it charts the course through virtual traffic seeking the elusive balance between load and efficiency in the digital expanse.,,home/amanpreet/Jmeter_testcase&files/media_attachments/Screencast from 09-02-24 05_52_20 PM IST.webm
agent,undefined,create,9,,Jmeter Ticket9,1,1,1,1,In the labyrinth of software trials this ticket emerges birthed within JMeter's realm a sentinel of performance scrutiny. It bears the weight of meticulous scripts a blueprint for digital endurance. With every iteration it charts the course through virtual traffic seeking the elusive balance between load and efficiency in the digital expanse.,,home/amanpreet/Jmeter_testcase&files/media_attachments/Screencast from 11-01-24 11_33_33 AM IST.webm
agent,undefined,create,10,,Jmeter Ticket10,1,4,1,1,In the labyrinth of software trials this ticket emerges birthed within JMeter's realm a sentinel of performance scrutiny. It bears the weight of meticulous scripts a blueprint for digital endurance. With every iteration it charts the course through virtual traffic seeking the elusive balance between load and efficiency in the digital expanse.,,home/amanpreet/Jmeter_testcase&files/media_attachments/Screencast from 09-02-24 05_52_20 PM IST.webm
agent,undefined,create,11,,Jmeter Ticket11,1,4,1,1,In the labyrinth of software trials this ticket emerges birthed within JMeter's realm a sentinel of performance scrutiny. It bears the weight of meticulous scripts a blueprint for digital endurance. With every iteration it charts the course through virtual traffic seeking the elusive balance between load and efficiency in the digital expanse.,,home/amanpreet/Jmeter_testcase&files/media_attachments/Screencast from 11-01-24 11_33_33 AM IST.webm
agent,undefined,create,12,,Jmeter Ticket12,1,3,1,1,In the labyrinth of software trials this ticket emerges birthed within JMeter's realm a sentinel of performance scrutiny. It bears the weight of meticulous scripts a blueprint for digital endurance. With every iteration it charts the course through virtual traffic seeking the elusive balance between load and efficiency in the digital expanse.,,home/amanpreet/Jmeter_testcase&files/media_attachments/Screencast from 09-02-24 05_52_20 PM IST.webm
agent,undefined,create,13,,Jmeter Ticket13,1,2,1,1,In the labyrinth of software trials this ticket emerges birthed within JMeter's realm a sentinel of performance scrutiny. It bears the weight of meticulous scripts a blueprint for digital endurance. With every iteration it charts the course through virtual traffic seeking the elusive balance between load and efficiency in the digital expanse.,,home/amanpreet/Jmeter_testcase&files/media_attachments/Screencast from 11-01-24 11_33_33 AM IST.webm
agent,undefined,create,14,,Jmeter Ticket14,1,1,1,1,In the labyrinth of software trials this ticket emerges birthed within JMeter's realm a sentinel of performance scrutiny. It bears the weight of meticulous scripts a blueprint for digital endurance. With every iteration it charts the course through virtual traffic seeking the elusive balance between load and efficiency in the digital expanse.,,home/amanpreet/Jmeter_testcase&files/media_attachments/Screencast from 09-02-24 05_52_20 PM IST.webm
agent,undefined,create,15,,Jmeter Ticket15,1,4,1,1,In the labyrinth of software trials this ticket emerges birthed within JMeter's realm a sentinel of performance scrutiny. It bears the weight of meticulous scripts a blueprint for digital endurance. With every iteration it charts the course through virtual traffic seeking the elusive balance between load and efficiency in the digital expanse.,,home/amanpreet/Jmeter_testcase&files/media_attachments/Screencast from 11-01-24 11_33_33 AM IST.webm
agent,undefined,create,16,,Jmeter Ticket16,1,4,1,1,In the labyrinth of software trials this ticket emerges birthed within JMeter's realm a sentinel of performance scrutiny. It bears the weight of meticulous scripts a blueprint for digital endurance. With every iteration it charts the course through virtual traffic seeking the elusive balance between load and efficiency in the digital expanse.,,home/amanpreet/Jmeter_testcase&files/media_attachments/Screencast from 09-02-24 05_52_20 PM IST.webm
agent,undefined,create,17,,Jmeter Ticket17,1,3,1,1,In the labyrinth of software trials this ticket emerges birthed within JMeter's realm a sentinel of performance scrutiny. It bears the weight of meticulous scripts a blueprint for digital endurance. With every iteration it charts the course through virtual traffic seeking the elusive balance between load and efficiency in the digital expanse.,,home/amanpreet/Jmeter_testcase&files/media_attachments/Screencast from 11-01-24 11_33_33 AM IST.webm
agent,undefined,create,18,,Jmeter Ticket18,1,2,1,1,In the labyrinth of software trials this ticket emerges birthed within JMeter's realm a sentinel of performance scrutiny. It bears the weight of meticulous scripts a blueprint for digital endurance. With every iteration it charts the course through virtual traffic seeking the elusive balance between load and efficiency in the digital expanse.,,home/amanpreet/Jmeter_testcase&files/media_attachments/Screencast from 09-02-24 05_52_20 PM IST.webm
agent,undefined,create,19,,Jmeter Ticket19,1,1,1,1,In the labyrinth of software trials this ticket emerges birthed within JMeter's realm a sentinel of performance scrutiny. It bears the weight of meticulous scripts a blueprint for digital endurance. With every iteration it charts the course through virtual traffic seeking the elusive balance between load and efficiency in the digital expanse.,,home/amanpreet/Jmeter_testcase&files/media_attachments/Screencast from 11-01-24 11_33_33 AM IST.webm
agent,undefined,create,20,,Jmeter Ticket20,1,4,1,1,In the labyrinth of software trials this ticket emerges birthed within JMeter's realm a sentinel of performance scrutiny. It bears the weight of meticulous scripts a blueprint for digital endurance. With every iteration it charts the course through virtual traffic seeking the elusive balance between load and efficiency in the digital expanse.,,home/amanpreet/Jmeter_testcase&files/media_attachments/Screencast from 09-02-24 05_52_20 PM IST.webm
agent,undefined,create,21,,Jmeter Ticket21,1,4,1,1,In the labyrinth of software trials this ticket emerges birthed within JMeter's realm a sentinel of performance scrutiny. It bears the weight of meticulous scripts a blueprint for digital endurance. With every iteration it charts the course through virtual traffic seeking the elusive balance between load and efficiency in the digital expanse.,,home/amanpreet/Jmeter_testcase&files/media_attachments/Screencast from 11-01-24 11_33_33 AM IST.webm
agent,undefined,create,22,,Jmeter Ticket22,1,3,1,1,In the labyrinth of software trials this ticket emerges birthed within JMeter's realm a sentinel of performance scrutiny. It bears the weight of meticulous scripts a blueprint for digital endurance. With every iteration it charts the course through virtual traffic seeking the elusive balance between load and efficiency in the digital expanse.,,home/amanpreet/Jmeter_testcase&files/media_attachments/Screencast from 09-02-24 05_52_20 PM IST.webm
agent,undefined,create,23,,Jmeter Ticket23,1,2,1,1,In the labyrinth of software trials this ticket emerges birthed within JMeter's realm a sentinel of performance scrutiny. It bears the weight of meticulous scripts a blueprint for digital endurance. With every iteration it charts the course through virtual traffic seeking the elusive balance between load and efficiency in the digital expanse.,,home/amanpreet/Jmeter_testcase&files/media_attachments/Screencast from 11-01-24 11_33_33 AM IST.webm
agent,undefined,create,24,,Jmeter Ticket24,1,1,1,1,In the labyrinth of software trials this ticket emerges birthed within JMeter's realm a sentinel of performance scrutiny. It bears the weight of meticulous scripts a blueprint for digital endurance. With every iteration it charts the course through virtual traffic seeking the elusive balance between load and efficiency in the digital expanse.,,home/amanpreet/Jmeter_testcase&files/media_attachments/Screencast from 09-02-24 05_52_20 PM IST.webm
agent,undefined,create,25,,Jmeter Ticket25,1,4,1,1,In the labyrinth of software trials this ticket emerges birthed within JMeter's realm a sentinel of performance scrutiny. It bears the weight of meticulous scripts a blueprint for digital endurance. With every iteration it charts the course through virtual traffic seeking the elusive balance between load and efficiency in the digital expanse.,,home/amanpreet/Jmeter_testcase&files/media_attachments/Screencast from 09-02-24 05_52_20 PM IST.webm
agent,undefined,create,26,,Jmeter Ticket26,1,4,1,1,In the labyrinth of software trials this ticket emerges birthed within JMeter's realm a sentinel of performance scrutiny. It bears the weight of meticulous scripts a blueprint for digital endurance. With every iteration it charts the course through virtual traffic seeking the elusive balance between load and efficiency in the digital expanse.,,home/amanpreet/Jmeter_testcase&files/media_attachments/Screencast from 11-01-24 11_33_33 AM IST.webm
agent,undefined,create,27,,Jmeter Ticket27,1,3,1,1,In the labyrinth of software trials this ticket emerges birthed within JMeter's realm a sentinel of performance scrutiny. It bears the weight of meticulous scripts a blueprint for digital endurance. With every iteration it charts the course through virtual traffic seeking the elusive balance between load and efficiency in the digital expanse.,,home/amanpreet/Jmeter_testcase&files/media_attachments/Screencast from 09-02-24 05_52_20 PM IST.webm
agent,undefined,create,28,,Jmeter Ticket28,1,2,1,1,In the labyrinth of software trials this ticket emerges birthed within JMeter's realm a sentinel of performance scrutiny. It bears the weight of meticulous scripts a blueprint for digital endurance. With every iteration it charts the course through virtual traffic seeking the elusive balance between load and efficiency in the digital expanse.,,home/amanpreet/Jmeter_testcase&files/media_attachments/Screencast from 11-01-24 11_33_33 AM IST.webm
agent,undefined,create,29,,Jmeter Ticket29,1,1,1,1,In the labyrinth of software trials this ticket emerges birthed within JMeter's realm a sentinel of performance scrutiny. It bears the weight of meticulous scripts a blueprint for digital endurance. With every iteration it charts the course through virtual traffic seeking the elusive balance between load and efficiency in the digital expanse.,,home/amanpreet/Jmeter_testcase&files/media_attachments/Screencast from 09-02-24 05_52_20 PM IST.webm
agent,undefined,create,30,,Jmeter Ticket30,1,4,1,1,In the labyrinth of software trials this ticket emerges birthed within JMeter's realm a sentinel of performance scrutiny. It bears the weight of meticulous scripts a blueprint for digital endurance. With every iteration it charts the course through virtual traffic seeking the elusive balance between load and efficiency in the digital expanse.,,home/amanpreet/Jmeter_testcase&files/media_attachments/Screencast from 11-01-24 11_33_33 AM IST.webm
agent,undefined,create,31,,Jmeter Ticket31,1,4,1,1,In the labyrinth of software trials this ticket emerges birthed within JMeter's realm a sentinel of performance scrutiny. It bears the weight of meticulous scripts a blueprint for digital endurance. With every iteration it charts the course through virtual traffic seeking the elusive balance between load and efficiency in the digital expanse.,,home/amanpreet/Jmeter_testcase&files/media_attachments/Screencast from 09-02-24 05_52_20 PM IST.webm
agent,undefined,create,32,,Jmeter Ticket32,1,3,1,1,In the labyrinth of software trials this ticket emerges birthed within JMeter's realm a sentinel of performance scrutiny. It bears the weight of meticulous scripts a blueprint for digital endurance. With every iteration it charts the course through virtual traffic seeking the elusive balance between load and efficiency in the digital expanse.,,home/amanpreet/Jmeter_testcase&files/media_attachments/Screencast from 11-01-24 11_33_33 AM IST.webm
agent,undefined,create,33,,Jmeter Ticket33,1,2,1,1,In the labyrinth of software trials this ticket emerges birthed within JMeter's realm a sentinel of performance scrutiny. It bears the weight of meticulous scripts a blueprint for digital endurance. With every iteration it charts the course through virtual traffic seeking the elusive balance between load and efficiency in the digital expanse.,,home/amanpreet/Jmeter_testcase&files/media_attachments/Screencast from 09-02-24 05_52_20 PM IST.webm
agent,undefined,create,34,,Jmeter Ticket34,1,1,1,1,In the labyrinth of software trials this ticket emerges birthed within JMeter's realm a sentinel of performance scrutiny. It bears the weight of meticulous scripts a blueprint for digital endurance. With every iteration it charts the course through virtual traffic seeking the elusive balance between load and efficiency in the digital expanse.,,home/amanpreet/Jmeter_testcase&files/media_attachments/Screencast from 11-01-24 11_33_33 AM IST.webm
agent,undefined,create,35,,Jmeter Ticket35,1,4,1,1,In the labyrinth of software trials this ticket emerges birthed within JMeter's realm a sentinel of performance scrutiny. It bears the weight of meticulous scripts a blueprint for digital endurance. With every iteration it charts the course through virtual traffic seeking the elusive balance between load and efficiency in the digital expanse.,,home/amanpreet/Jmeter_testcase&files/media_attachments/Screencast from 09-02-24 05_52_20 PM IST.webm
agent,undefined,create,36,,Jmeter Ticket36,1,4,1,1,In the labyrinth of software trials this ticket emerges birthed within JMeter's realm a sentinel of performance scrutiny. It bears the weight of meticulous scripts a blueprint for digital endurance. With every iteration it charts the course through virtual traffic seeking the elusive balance between load and efficiency in the digital expanse.,,home/amanpreet/Jmeter_testcase&files/media_attachments/Screencast from 11-01-24 11_33_33 AM IST.webm
agent,undefined,create,37,,Jmeter Ticket37,1,3,1,1,In the labyrinth of software trials this ticket emerges birthed within JMeter's realm a sentinel of performance scrutiny. It bears the weight of meticulous scripts a blueprint for digital endurance. With every iteration it charts the course through virtual traffic seeking the elusive balance between load and efficiency in the digital expanse.,,home/amanpreet/Jmeter_testcase&files/media_attachments/Screencast from 09-02-24 05_52_20 PM IST.webm
agent,undefined,create,38,,Jmeter Ticket38,1,2,1,1,In the labyrinth of software trials this ticket emerges birthed within JMeter's realm a sentinel of performance scrutiny. It bears the weight of meticulous scripts a blueprint for digital endurance. With every iteration it charts the course through virtual traffic seeking the elusive balance between load and efficiency in the digital expanse.,,home/amanpreet/Jmeter_testcase&files/media_attachments/Screencast from 11-01-24 11_33_33 AM IST.webm
agent,undefined,create,39,,Jmeter Ticket39,1,1,1,1,In the labyrinth of software trials this ticket emerges birthed within JMeter's realm a sentinel of performance scrutiny. It bears the weight of meticulous scripts a blueprint for digital endurance. With every iteration it charts the course through virtual traffic seeking the elusive balance between load and efficiency in the digital expanse.,,home/amanpreet/Jmeter_testcase&files/media_attachments/Screencast from 09-02-24 05_52_20 PM IST.webm
agent,undefined,create,40,,Jmeter Ticket40,1,4,1,1,In the labyrinth of software trials this ticket emerges birthed within JMeter's realm a sentinel of performance scrutiny. It bears the weight of meticulous scripts a blueprint for digital endurance. With every iteration it charts the course through virtual traffic seeking the elusive balance between load and efficiency in the digital expanse.,,home/amanpreet/Jmeter_testcase&files/media_attachments/Screencast from 11-01-24 11_33_33 AM IST.webm
agent,undefined,create,41,,Jmeter Ticket41,1,4,1,1,In the labyrinth of software trials this ticket emerges birthed within JMeter's realm a sentinel of performance scrutiny. It bears the weight of meticulous scripts a blueprint for digital endurance. With every iteration it charts the course through virtual traffic seeking the elusive balance between load and efficiency in the digital expanse.,,home/amanpreet/Jmeter_testcase&files/media_attachments/Screencast from 09-02-24 05_52_20 PM IST.webm
agent,undefined,create,42,,Jmeter Ticket42,1,3,1,1,In the labyrinth of software trials this ticket emerges birthed within JMeter's realm a sentinel of performance scrutiny. It bears the weight of meticulous scripts a blueprint for digital endurance. With every iteration it charts the course through virtual traffic seeking the elusive balance between load and efficiency in the digital expanse.,,home/amanpreet/Jmeter_testcase&files/media_attachments/Screencast from 11-01-24 11_33_33 AM IST.webm
agent,undefined,create,43,,Jmeter Ticket43,1,2,1,1,In the labyrinth of software trials this ticket emerges birthed within JMeter's realm a sentinel of performance scrutiny. It bears the weight of meticulous scripts a blueprint for digital endurance. With every iteration it charts the course through virtual traffic seeking the elusive balance between load and efficiency in the digital expanse.,,home/amanpreet/Jmeter_testcase&files/media_attachments/Screencast from 09-02-24 05_52_20 PM IST.webm
agent,undefined,create,44,,Jmeter Ticket44,1,1,1,1,In the labyrinth of software trials this ticket emerges birthed within JMeter's realm a sentinel of performance scrutiny. It bears the weight of meticulous scripts a blueprint for digital endurance. With every iteration it charts the course through virtual traffic seeking the elusive balance between load and efficiency in the digital expanse.,,home/amanpreet/Jmeter_testcase&files/media_attachments/Screencast from 09-02-24 05_52_20 PM IST.webm
agent,undefined,create,45,,Jmeter Ticket45,1,4,1,1,In the labyrinth of software trials this ticket emerges birthed within JMeter's realm a sentinel of performance scrutiny. It bears the weight of meticulous scripts a blueprint for digital endurance. With every iteration it charts the course through virtual traffic seeking the elusive balance between load and efficiency in the digital expanse.,,home/amanpreet/Jmeter_testcase&files/media_attachments/Screencast from 11-01-24 11_33_33 AM IST.webm
agent,undefined,create,46,,Jmeter Ticket46,1,4,1,1,In the labyrinth of software trials this ticket emerges birthed within JMeter's realm a sentinel of performance scrutiny. It bears the weight of meticulous scripts a blueprint for digital endurance. With every iteration it charts the course through virtual traffic seeking the elusive balance between load and efficiency in the digital expanse.,,home/amanpreet/Jmeter_testcase&files/media_attachments/Screencast from 09-02-24 05_52_20 PM IST.webm
agent,undefined,create,47,,Jmeter Ticket47,1,3,1,1,In the labyrinth of software trials this ticket emerges birthed within JMeter's realm a sentinel of performance scrutiny. It bears the weight of meticulous scripts a blueprint for digital endurance. With every iteration it charts the course through virtual traffic seeking the elusive balance between load and efficiency in the digital expanse.,,home/amanpreet/Jmeter_testcase&files/media_attachments/Screencast from 11-01-24 11_33_33 AM IST.webm
agent,undefined,create,48,,Jmeter Ticket48,1,2,1,1,In the labyrinth of software trials this ticket emerges birthed within JMeter's realm a sentinel of performance scrutiny. It bears the weight of meticulous scripts a blueprint for digital endurance. With every iteration it charts the course through virtual traffic seeking the elusive balance between load and efficiency in the digital expanse.,,home/amanpreet/Jmeter_testcase&files/media_attachments/Screencast from 09-02-24 05_52_20 PM IST.webm
agent,undefined,create,49,,Jmeter Ticket49,1,1,1,1,In the labyrinth of software trials this ticket emerges birthed within JMeter's realm a sentinel of performance scrutiny. It bears the weight of meticulous scripts a blueprint for digital endurance. With every iteration it charts the course through virtual traffic seeking the elusive balance between load and efficiency in the digital expanse.,,home/amanpreet/Jmeter_testcase&files/media_attachments/Screencast from 11-01-24 11_33_33 AM IST.webm
agent,undefined,create,50,,Jmeter Ticket50,1,4,1,1,In the labyrinth of software trials this ticket emerges birthed within JMeter's realm a sentinel of performance scrutiny. It bears the weight of meticulous scripts a blueprint for digital endurance. With every iteration it charts the course through virtual traffic seeking the elusive balance between load and efficiency in the digital expanse.,,home/amanpreet/Jmeter_testcase&files/media_attachments/Screencast from 09-02-24 05_52_20 PM IST.webm
agent,undefined,create,51,,Jmeter Ticket51,1,4,1,1,In the labyrinth of software trials this ticket emerges birthed within JMeter's realm a sentinel of performance scrutiny. It bears the weight of meticulous scripts a blueprint for digital endurance. With every iteration it charts the course through virtual traffic seeking the elusive balance between load and efficiency in the digital expanse.,,home/amanpreet/Jmeter_testcase&files/media_attachments/Screencast from 11-01-24 11_33_33 AM IST.webm
agent,undefined,create,52,,Jmeter Ticket52,1,3,1,1,In the labyrinth of software trials this ticket emerges birthed within JMeter's realm a sentinel of performance scrutiny. It bears the weight of meticulous scripts a blueprint for digital endurance. With every iteration it charts the course through virtual traffic seeking the elusive balance between load and efficiency in the digital expanse.,,home/amanpreet/Jmeter_testcase&files/media_attachments/Screencast from 09-02-24 05_52_20 PM IST.webm
agent,undefined,create,53,,Jmeter Ticket53,1,2,1,1,In the labyrinth of software trials this ticket emerges birthed within JMeter's realm a sentinel of performance scrutiny. It bears the weight of meticulous scripts a blueprint for digital endurance. With every iteration it charts the course through virtual traffic seeking the elusive balance between load and efficiency in the digital expanse.,,home/amanpreet/Jmeter_testcase&files/media_attachments/Screencast from 11-01-24 11_33_33 AM IST.webm
agent,undefined,create,54,,Jmeter Ticket54,1,1,1,1,In the labyrinth of software trials this ticket emerges birthed within JMeter's realm a sentinel of performance scrutiny. It bears the weight of meticulous scripts a blueprint for digital endurance. With every iteration it charts the course through virtual traffic seeking the elusive balance between load and efficiency in the digital expanse.,,home/amanpreet/Jmeter_testcase&files/media_attachments/Screencast from 09-02-24 05_52_20 PM IST.webm
agent,undefined,create,55,,Jmeter Ticket55,1,4,1,1,In the labyrinth of software trials this ticket emerges birthed within JMeter's realm a sentinel of performance scrutiny. It bears the weight of meticulous scripts a blueprint for digital endurance. With every iteration it charts the course through virtual traffic seeking the elusive balance between load and efficiency in the digital expanse.,,home/amanpreet/Jmeter_testcase&files/media_attachments/Screencast from 11-01-24 11_33_33 AM IST.webm
agent,undefined,create,56,,Jmeter Ticket56,1,4,1,1,In the labyrinth of software trials this ticket emerges birthed within JMeter's realm a sentinel of performance scrutiny. It bears the weight of meticulous scripts a blueprint for digital endurance. With every iteration it charts the course through virtual traffic seeking the elusive balance between load and efficiency in the digital expanse.,,home/amanpreet/Jmeter_testcase&files/media_attachments/Screencast from 09-02-24 05_52_20 PM IST.webm
agent,undefined,create,57,,Jmeter Ticket57,1,3,1,1,In the labyrinth of software trials this ticket emerges birthed within JMeter's realm a sentinel of performance scrutiny. It bears the weight of meticulous scripts a blueprint for digital endurance. With every iteration it charts the course through virtual traffic seeking the elusive balance between load and efficiency in the digital expanse.,,home/amanpreet/Jmeter_testcase&files/media_attachments/Screencast from 11-01-24 11_33_33 AM IST.webm
agent,undefined,create,58,,Jmeter Ticket58,1,2,1,1,In the labyrinth of software trials this ticket emerges birthed within JMeter's realm a sentinel of performance scrutiny. It bears the weight of meticulous scripts a blueprint for digital endurance. With every iteration it charts the course through virtual traffic seeking the elusive balance between load and efficiency in the digital expanse.,,home/amanpreet/Jmeter_testcase&files/media_attachments/Screencast from 09-02-24 05_52_20 PM IST.webm
agent,undefined,create,59,,Jmeter Ticket59,1,1,1,1,In the labyrinth of software trials this ticket emerges birthed within JMeter's realm a sentinel of performance scrutiny. It bears the weight of meticulous scripts a blueprint for digital endurance. With every iteration it charts the course through virtual traffic seeking the elusive balance between load and efficiency in the digital expanse.,,home/amanpreet/Jmeter_testcase&files/media_attachments/Screencast from 11-01-24 11_33_33 AM IST.webm
agent,undefined,create,60,,Jmeter Ticket60,1,4,1,1,In the labyrinth of software trials this ticket emerges birthed within JMeter's realm a sentinel of performance scrutiny. It bears the weight of meticulous scripts a blueprint for digital endurance. With every iteration it charts the course through virtual traffic seeking the elusive balance between load and efficiency in the digital expanse.,,home/amanpreet/Jmeter_testcase&files/media_attachments/Screencast from 09-02-24 05_52_20 PM IST.webm
agent,undefined,create,61,,Jmeter Ticket61,1,4,1,1,In the labyrinth of software trials this ticket emerges birthed within JMeter's realm a sentinel of performance scrutiny. It bears the weight of meticulous scripts a blueprint for digital endurance. With every iteration it charts the course through virtual traffic seeking the elusive balance between load and efficiency in the digital expanse.,,home/amanpreet/Jmeter_testcase&files/media_attachments/Screencast from 11-01-24 11_33_33 AM IST.webm
agent,undefined,create,62,,Jmeter Ticket62,1,3,1,1,In the labyrinth of software trials this ticket emerges birthed within JMeter's realm a sentinel of performance scrutiny. It bears the weight of meticulous scripts a blueprint for digital endurance. With every iteration it charts the course through virtual traffic seeking the elusive balance between load and efficiency in the digital expanse.,,home/amanpreet/Jmeter_testcase&files/media_attachments/Screencast from 09-02-24 05_52_20 PM IST.webm
agent,undefined,create,63,,Jmeter Ticket63,1,2,1,1,In the labyrinth of software trials this ticket emerges birthed within JMeter's realm a sentinel of performance scrutiny. It bears the weight of meticulous scripts a blueprint for digital endurance. With every iteration it charts the course through virtual traffic seeking the elusive balance between load and efficiency in the digital expanse.,,home/amanpreet/Jmeter_testcase&files/media_attachments/Screencast from 11-01-24 11_33_33 AM IST.webm
agent,undefined,create,64,,Jmeter Ticket64,1,1,1,1,In the labyrinth of software trials this ticket emerges birthed within JMeter's realm a sentinel of performance scrutiny. It bears the weight of meticulous scripts a blueprint for digital endurance. With every iteration it charts the course through virtual traffic seeking the elusive balance between load and efficiency in the digital expanse.,,home/amanpreet/Jmeter_testcase&files/media_attachments/Screencast from 09-02-24 05_52_20 PM IST.webm
agent,undefined,create,65,,Jmeter Ticket65,1,4,1,1,In the labyrinth of software trials this ticket emerges birthed within JMeter's realm a sentinel of performance scrutiny. It bears the weight of meticulous scripts a blueprint for digital endurance. With every iteration it charts the course through virtual traffic seeking the elusive balance between load and efficiency in the digital expanse.,,home/amanpreet/Jmeter_testcase&files/media_attachments/Screencast from 09-02-24 05_52_20 PM IST.webm
agent,undefined,create,66,,Jmeter Ticket66,1,4,1,1,In the labyrinth of software trials this ticket emerges birthed within JMeter's realm a sentinel of performance scrutiny. It bears the weight of meticulous scripts a blueprint for digital endurance. With every iteration it charts the course through virtual traffic seeking the elusive balance between load and efficiency in the digital expanse.,,home/amanpreet/Jmeter_testcase&files/media_attachments/Screencast from 11-01-24 11_33_33 AM IST.webm
agent,undefined,create,67,,Jmeter Ticket67,1,3,1,1,In the labyrinth of software trials this ticket emerges birthed within JMeter's realm a sentinel of performance scrutiny. It bears the weight of meticulous scripts a blueprint for digital endurance. With every iteration it charts the course through virtual traffic seeking the elusive balance between load and efficiency in the digital expanse.,,home/amanpreet/Jmeter_testcase&files/media_attachments/Screencast from 09-02-24 05_52_20 PM IST.webm
agent,undefined,create,68,,Jmeter Ticket68,1,2,1,1,In the labyrinth of software trials this ticket emerges birthed within JMeter's realm a sentinel of performance scrutiny. It bears the weight of meticulous scripts a blueprint for digital endurance. With every iteration it charts the course through virtual traffic seeking the elusive balance between load and efficiency in the digital expanse.,,home/amanpreet/Jmeter_testcase&files/media_attachments/Screencast from 11-01-24 11_33_33 AM IST.webm
agent,undefined,create,69,,Jmeter Ticket69,1,1,1,1,In the labyrinth of software trials this ticket emerges birthed within JMeter's realm a sentinel of performance scrutiny. It bears the weight of meticulous scripts a blueprint for digital endurance. With every iteration it charts the course through virtual traffic seeking the elusive balance between load and efficiency in the digital expanse.,,home/amanpreet/Jmeter_testcase&files/media_attachments/Screencast from 09-02-24 05_52_20 PM IST.webm
agent,undefined,create,70,,Jmeter Ticket70,1,4,1,1,In the labyrinth of software trials this ticket emerges birthed within JMeter's realm a sentinel of performance scrutiny. It bears the weight of meticulous scripts a blueprint for digital endurance. With every iteration it charts the course through virtual traffic seeking the elusive balance between load and efficiency in the digital expanse.,,home/amanpreet/Jmeter_testcase&files/media_attachments/Screencast from 11-01-24 11_33_33 AM IST.webm
agent,undefined,create,71,,Jmeter Ticket71,1,4,1,1,In the labyrinth of software trials this ticket emerges birthed within JMeter's realm a sentinel of performance scrutiny. It bears the weight of meticulous scripts a blueprint for digital endurance. With every iteration it charts the course through virtual traffic seeking the elusive balance between load and efficiency in the digital expanse.,,home/amanpreet/Jmeter_testcase&files/media_attachments/Screencast from 09-02-24 05_52_20 PM IST.webm
agent,undefined,create,72,,Jmeter Ticket72,1,3,1,1,In the labyrinth of software trials this ticket emerges birthed within JMeter's realm a sentinel of performance scrutiny. It bears the weight of meticulous scripts a blueprint for digital endurance. With every iteration it charts the course through virtual traffic seeking the elusive balance between load and efficiency in the digital expanse.,,home/amanpreet/Jmeter_testcase&files/media_attachments/Screencast from 11-01-24 11_33_33 AM IST.webm
agent,undefined,create,73,,Jmeter Ticket73,1,2,1,1,In the labyrinth of software trials this ticket emerges birthed within JMeter's realm a sentinel of performance scrutiny. It bears the weight of meticulous scripts a blueprint for digital endurance. With every iteration it charts the course through virtual traffic seeking the elusive balance between load and efficiency in the digital expanse.,,home/amanpreet/Jmeter_testcase&files/media_attachments/Screencast from 09-02-24 05_52_20 PM IST.webm
agent,undefined,create,74,,Jmeter Ticket74,1,1,1,1,In the labyrinth of software trials this ticket emerges birthed within JMeter's realm a sentinel of performance scrutiny. It bears the weight of meticulous scripts a blueprint for digital endurance. With every iteration it charts the course through virtual traffic seeking the elusive balance between load and efficiency in the digital expanse.,,home/amanpreet/Jmeter_testcase&files/media_attachments/Screencast from 11-01-24 11_33_33 AM IST.webm
agent,undefined,create,75,,Jmeter Ticket75,1,4,1,1,In the labyrinth of software trials this ticket emerges birthed within JMeter's realm a sentinel of performance scrutiny. It bears the weight of meticulous scripts a blueprint for digital endurance. With every iteration it charts the course through virtual traffic seeking the elusive balance between load and efficiency in the digital expanse.,,home/amanpreet/Jmeter_testcase&files/media_attachments/Screencast from 09-02-24 05_52_20 PM IST.webm
agent,undefined,create,76,,Jmeter Ticket76,1,4,1,1,In the labyrinth of software trials this ticket emerges birthed within JMeter's realm a sentinel of performance scrutiny. It bears the weight of meticulous scripts a blueprint for digital endurance. With every iteration it charts the course through virtual traffic seeking the elusive balance between load and efficiency in the digital expanse.,,home/amanpreet/Jmeter_testcase&files/media_attachments/Screencast from 11-01-24 11_33_33 AM IST.webm
agent,undefined,create,77,,Jmeter Ticket77,1,3,1,1,In the labyrinth of software trials this ticket emerges birthed within JMeter's realm a sentinel of performance scrutiny. It bears the weight of meticulous scripts a blueprint for digital endurance. With every iteration it charts the course through virtual traffic seeking the elusive balance between load and efficiency in the digital expanse.,,home/amanpreet/Jmeter_testcase&files/media_attachments/Screencast from 09-02-24 05_52_20 PM IST.webm
agent,undefined,create,78,,Jmeter Ticket78,1,2,1,1,In the labyrinth of software trials this ticket emerges birthed within JMeter's realm a sentinel of performance scrutiny. It bears the weight of meticulous scripts a blueprint for digital endurance. With every iteration it charts the course through virtual traffic seeking the elusive balance between load and efficiency in the digital expanse.,,home/amanpreet/Jmeter_testcase&files/media_attachments/Screencast from 11-01-24 11_33_33 AM IST.webm
agent,undefined,create,79,,Jmeter Ticket79,1,1,1,1,In the labyrinth of software trials this ticket emerges birthed within JMeter's realm a sentinel of performance scrutiny. It bears the weight of meticulous scripts a blueprint for digital endurance. With every iteration it charts the course through virtual traffic seeking the elusive balance between load and efficiency in the digital expanse.,,home/amanpreet/Jmeter_testcase&files/media_attachments/Screencast from 09-02-24 05_52_20 PM IST.webm
agent,undefined,create,80,,Jmeter Ticket80,1,4,1,1,In the labyrinth of software trials this ticket emerges birthed within JMeter's realm a sentinel of performance scrutiny. It bears the weight of meticulous scripts a blueprint for digital endurance. With every iteration it charts the course through virtual traffic seeking the elusive balance between load and efficiency in the digital expanse.,,home/amanpreet/Jmeter_testcase&files/media_attachments/Screencast from 11-01-24 11_33_33 AM IST.webm
agent,undefined,create,81,,Jmeter Ticket81,1,4,1,1,In the labyrinth of software trials this ticket emerges birthed within JMeter's realm a sentinel of performance scrutiny. It bears the weight of meticulous scripts a blueprint for digital endurance. With every iteration it charts the course through virtual traffic seeking the elusive balance between load and efficiency in the digital expanse.,,home/amanpreet/Jmeter_testcase&files/media_attachments/Screencast from 09-02-24 05_52_20 PM IST.webm
agent,undefined,create,82,,Jmeter Ticket82,1,3,1,1,In the labyrinth of software trials this ticket emerges birthed within JMeter's realm a sentinel of performance scrutiny. It bears the weight of meticulous scripts a blueprint for digital endurance. With every iteration it charts the course through virtual traffic seeking the elusive balance between load and efficiency in the digital expanse.,,home/amanpreet/Jmeter_testcase&files/media_attachments/Screencast from 11-01-24 11_33_33 AM IST.webm
agent,undefined,create,83,,Jmeter Ticket83,1,2,1,1,In the labyrinth of software trials this ticket emerges birthed within JMeter's realm a sentinel of performance scrutiny. It bears the weight of meticulous scripts a blueprint for digital endurance. With every iteration it charts the course through virtual traffic seeking the elusive balance between load and efficiency in the digital expanse.,,home/amanpreet/Jmeter_testcase&files/media_attachments/Screencast from 09-02-24 05_52_20 PM IST.webm
agent,undefined,create,84,,Jmeter Ticket84,1,1,1,1,In the labyrinth of software trials this ticket emerges birthed within JMeter's realm a sentinel of performance scrutiny. It bears the weight of meticulous scripts a blueprint for digital endurance. With every iteration it charts the course through virtual traffic seeking the elusive balance between load and efficiency in the digital expanse.,,home/amanpreet/Jmeter_testcase&files/media_attachments/Screencast from 11-01-24 11_33_33 AM IST.webm
agent,undefined,create,85,,Jmeter Ticket85,1,4,1,1,In the labyrinth of software trials this ticket emerges birthed within JMeter's realm a sentinel of performance scrutiny. It bears the weight of meticulous scripts a blueprint for digital endurance. With every iteration it charts the course through virtual traffic seeking the elusive balance between load and efficiency in the digital expanse.,,home/amanpreet/Jmeter_testcase&files/media_attachments/Screencast from 09-02-24 05_52_20 PM IST.webm
agent,undefined,create,86,,Jmeter Ticket86,1,4,1,1,In the labyrinth of software trials this ticket emerges birthed within JMeter's realm a sentinel of performance scrutiny. It bears the weight of meticulous scripts a blueprint for digital endurance. With every iteration it charts the course through virtual traffic seeking the elusive balance between load and efficiency in the digital expanse.,,home/amanpreet/Jmeter_testcase&files/media_attachments/Screencast from 09-02-24 05_52_20 PM IST.webm
agent,undefined,create,87,,Jmeter Ticket87,1,3,1,1,In the labyrinth of software trials this ticket emerges birthed within JMeter's realm a sentinel of performance scrutiny. It bears the weight of meticulous scripts a blueprint for digital endurance. With every iteration it charts the course through virtual traffic seeking the elusive balance between load and efficiency in the digital expanse.,,home/amanpreet/Jmeter_testcase&files/media_attachments/Screencast from 11-01-24 11_33_33 AM IST.webm
agent,undefined,create,88,,Jmeter Ticket88,1,2,1,1,In the labyrinth of software trials this ticket emerges birthed within JMeter's realm a sentinel of performance scrutiny. It bears the weight of meticulous scripts a blueprint for digital endurance. With every iteration it charts the course through virtual traffic seeking the elusive balance between load and efficiency in the digital expanse.,,home/amanpreet/Jmeter_testcase&files/media_attachments/Screencast from 09-02-24 05_52_20 PM IST.webm
agent,undefined,create,89,,Jmeter Ticket89,1,1,1,1,In the labyrinth of software trials this ticket emerges birthed within JMeter's realm a sentinel of performance scrutiny. It bears the weight of meticulous scripts a blueprint for digital endurance. With every iteration it charts the course through virtual traffic seeking the elusive balance between load and efficiency in the digital expanse.,,home/amanpreet/Jmeter_testcase&files/media_attachments/Screencast from 11-01-24 11_33_33 AM IST.webm
agent,undefined,create,90,,Jmeter Ticket90,1,4,1,1,In the labyrinth of software trials this ticket emerges birthed within JMeter's realm a sentinel of performance scrutiny. It bears the weight of meticulous scripts a blueprint for digital endurance. With every iteration it charts the course through virtual traffic seeking the elusive balance between load and efficiency in the digital expanse.,,home/amanpreet/Jmeter_testcase&files/media_attachments/Screencast from 09-02-24 05_52_20 PM IST.webm
agent,undefined,create,91,,Jmeter Ticket91,1,4,1,1,In the labyrinth of software trials this ticket emerges birthed within JMeter's realm a sentinel of performance scrutiny. It bears the weight of meticulous scripts a blueprint for digital endurance. With every iteration it charts the course through virtual traffic seeking the elusive balance between load and efficiency in the digital expanse.,,home/amanpreet/Jmeter_testcase&files/media_attachments/Screencast from 11-01-24 11_33_33 AM IST.webm
agent,undefined,create,92,,Jmeter Ticket92,1,3,1,1,In the labyrinth of software trials this ticket emerges birthed within JMeter's realm a sentinel of performance scrutiny. It bears the weight of meticulous scripts a blueprint for digital endurance. With every iteration it charts the course through virtual traffic seeking the elusive balance between load and efficiency in the digital expanse.,,home/amanpreet/Jmeter_testcase&files/media_attachments/Screencast from 09-02-24 05_52_20 PM IST.webm
agent,undefined,create,93,,Jmeter Ticket93,1,2,1,1,In the labyrinth of software trials this ticket emerges birthed within JMeter's realm a sentinel of performance scrutiny. It bears the weight of meticulous scripts a blueprint for digital endurance. With every iteration it charts the course through virtual traffic seeking the elusive balance between load and efficiency in the digital expanse.,,home/amanpreet/Jmeter_testcase&files/media_attachments/Screencast from 11-01-24 11_33_33 AM IST.webm
agent,undefined,create,94,,Jmeter Ticket94,1,1,1,1,In the labyrinth of software trials this ticket emerges birthed within JMeter's realm a sentinel of performance scrutiny. It bears the weight of meticulous scripts a blueprint for digital endurance. With every iteration it charts the course through virtual traffic seeking the elusive balance between load and efficiency in the digital expanse.,,home/amanpreet/Jmeter_testcase&files/media_attachments/Screencast from 09-02-24 05_52_20 PM IST.webm
agent,undefined,create,95,,Jmeter Ticket95,1,4,1,1,In the labyrinth of software trials this ticket emerges birthed within JMeter's realm a sentinel of performance scrutiny. It bears the weight of meticulous scripts a blueprint for digital endurance. With every iteration it charts the course through virtual traffic seeking the elusive balance between load and efficiency in the digital expanse.,,home/amanpreet/Jmeter_testcase&files/media_attachments/Screencast from 11-01-24 11_33_33 AM IST.webm
agent,undefined,create,96,,Jmeter Ticket96,1,4,1,1,In the labyrinth of software trials this ticket emerges birthed within JMeter's realm a sentinel of performance scrutiny. It bears the weight of meticulous scripts a blueprint for digital endurance. With every iteration it charts the course through virtual traffic seeking the elusive balance between load and efficiency in the digital expanse.,,home/amanpreet/Jmeter_testcase&files/media_attachments/Screencast from 09-02-24 05_52_20 PM IST.webm
agent,undefined,create,97,,Jmeter Ticket97,1,3,1,1,In the labyrinth of software trials this ticket emerges birthed within JMeter's realm a sentinel of performance scrutiny. It bears the weight of meticulous scripts a blueprint for digital endurance. With every iteration it charts the course through virtual traffic seeking the elusive balance between load and efficiency in the digital expanse.,,home/amanpreet/Jmeter_testcase&files/media_attachments/Screencast from 11-01-24 11_33_33 AM IST.webm
agent,undefined,create,98,,Jmeter Ticket98,1,2,1,1,In the labyrinth of software trials this ticket emerges birthed within JMeter's realm a sentinel of performance scrutiny. It bears the weight of meticulous scripts a blueprint for digital endurance. With every iteration it charts the course through virtual traffic seeking the elusive balance between load and efficiency in the digital expanse.,,home/amanpreet/Jmeter_testcase&files/media_attachments/Screencast from 09-02-24 05_52_20 PM IST.webm
agent,undefined,create,99,,Jmeter Ticket99,1,1,1,1,In the labyrinth of software trials this ticket emerges birthed within JMeter's realm a sentinel of performance scrutiny. It bears the weight of meticulous scripts a blueprint for digital endurance. With every iteration it charts the course through virtual traffic seeking the elusive balance between load and efficiency in the digital expanse.,,home/amanpreet/Jmeter_testcase&files/media_attachments/Screencast from 11-01-24 11_33_33 AM IST.webm
agent,undefined,create,100,,Jmeter Ticket100,1,4,1,1,In the labyrinth of software trials this ticket emerges birthed within JMeter's realm a sentinel of performance scrutiny. It bears the weight of meticulous scripts a blueprint for digital endurance. With every iteration it charts the course through virtual traffic seeking the elusive balance between load and efficiency in the digital expanse.,,home/amanpreet/Jmeter_testcase&files/media_attachments/Screencast from 09-02-24 05_52_20 PM IST.webm
agent,undefined,create,101,,Jmeter Ticket101,1,4,1,1,In the labyrinth of software trials this ticket emerges birthed within JMeter's realm a sentinel of performance scrutiny. It bears the weight of meticulous scripts a blueprint for digital endurance. With every iteration it charts the course through virtual traffic seeking the elusive balance between load and efficiency in the digital expanse.,,home/amanpreet/Jmeter_testcase&files/media_attachments/Screencast from 11-01-24 11_33_33 AM IST.webm
agent,undefined,create,102,,Jmeter Ticket102,1,3,1,1,In the labyrinth of software trials this ticket emerges birthed within JMeter's realm a sentinel of performance scrutiny. It bears the weight of meticulous scripts a blueprint for digital endurance. With every iteration it charts the course through virtual traffic seeking the elusive balance between load and efficiency in the digital expanse.,,home/amanpreet/Jmeter_testcase&files/media_attachments/Screencast from 09-02-24 05_52_20 PM IST.webm
agent,undefined,create,103,,Jmeter Ticket103,1,2,1,1,In the labyrinth of software trials this ticket emerges birthed within JMeter's realm a sentinel of performance scrutiny. It bears the weight of meticulous scripts a blueprint for digital endurance. With every iteration it charts the course through virtual traffic seeking the elusive balance between load and efficiency in the digital expanse.,,home/amanpreet/Jmeter_testcase&files/media_attachments/Screencast from 11-01-24 11_33_33 AM IST.webm
agent,undefined,create,104,,Jmeter Ticket104,1,1,1,1,In the labyrinth of software trials this ticket emerges birthed within JMeter's realm a sentinel of performance scrutiny. It bears the weight of meticulous scripts a blueprint for digital endurance. With every iteration it charts the course through virtual traffic seeking the elusive balance between load and efficiency in the digital expanse.,,home/amanpreet/Jmeter_testcase&files/media_attachments/Screencast from 09-02-24 05_52_20 PM IST.webm
agent,undefined,create,105,,Jmeter Ticket105,1,4,1,1,In the labyrinth of software trials this ticket emerges birthed within JMeter's realm a sentinel of performance scrutiny. It bears the weight of meticulous scripts a blueprint for digital endurance. With every iteration it charts the course through virtual traffic seeking the elusive balance between load and efficiency in the digital expanse.,,home/amanpreet/Jmeter_testcase&files/media_attachments/Screencast from 11-01-24 11_33_33 AM IST.webm
agent,undefined,create,106,,Jmeter Ticket106,1,4,1,1,In the labyrinth of software trials this ticket emerges birthed within JMeter's realm a sentinel of performance scrutiny. It bears the weight of meticulous scripts a blueprint for digital endurance. With every iteration it charts the course through virtual traffic seeking the elusive balance between load and efficiency in the digital expanse.,,home/amanpreet/Jmeter_testcase&files/media_attachments/Screencast from 09-02-24 05_52_20 PM IST.webm
agent,undefined,create,107,,Jmeter Ticket107,1,3,1,1,In the labyrinth of software trials this ticket emerges birthed within JMeter's realm a sentinel of performance scrutiny. It bears the weight of meticulous scripts a blueprint for digital endurance. With every iteration it charts the course through virtual traffic seeking the elusive balance between load and efficiency in the digital expanse.,,home/amanpreet/Jmeter_testcase&files/media_attachments/Screencast from 11-01-24 11_33_33 AM IST.webm
agent,undefined,create,108,,Jmeter Ticket108,1,2,1,1,In the labyrinth of software trials this ticket emerges birthed within JMeter's realm a sentinel of performance scrutiny. It bears the weight of meticulous scripts a blueprint for digital endurance. With every iteration it charts the course through virtual traffic seeking the elusive balance between load and efficiency in the digital expanse.,,home/amanpreet/Jmeter_testcase&files/media_attachments/Screencast from 09-02-24 05_52_20 PM IST.webm
agent,undefined,create,109,,Jmeter Ticket109,1,1,1,1,In the labyrinth of software trials this ticket emerges birthed within JMeter's realm a sentinel of performance scrutiny. It bears the weight of meticulous scripts a blueprint for digital endurance. With every iteration it charts the course through virtual traffic seeking the elusive balance between load and efficiency in the digital expanse.,,home/amanpreet/Jmeter_testcase&files/media_attachments/Screencast from 11-01-24 11_33_33 AM IST.webm
agent,undefined,create,110,,Jmeter Ticket110,1,4,1,1,In the labyrinth of software trials this ticket emerges birthed within JMeter's realm a sentinel of performance scrutiny. It bears the weight of meticulous scripts a blueprint for digital endurance. With every iteration it charts the course through virtual traffic seeking the elusive balance between load and efficiency in the digital expanse.,,home/amanpreet/Jmeter_testcase&files/media_attachments/Screencast from 09-02-24 05_52_20 PM IST.webm
agent,undefined,create,111,,Jmeter Ticket111,1,4,1,1,In the labyrinth of software trials this ticket emerges birthed within JMeter's realm a sentinel of performance scrutiny. It bears the weight of meticulous scripts a blueprint for digital endurance. With every iteration it charts the course through virtual traffic seeking the elusive balance between load and efficiency in the digital expanse.,,home/amanpreet/Jmeter_testcase&files/media_attachments/Screencast from 11-01-24 11_33_33 AM IST.webm
agent,undefined,create,112,,Jmeter Ticket112,1,3,1,1,In the labyrinth of software trials this ticket emerges birthed within JMeter's realm a sentinel of performance scrutiny. It bears the weight of meticulous scripts a blueprint for digital endurance. With every iteration it charts the course through virtual traffic seeking the elusive balance between load and efficiency in the digital expanse.,,home/amanpreet/Jmeter_testcase&files/media_attachments/Screencast from 09-02-24 05_52_20 PM IST.webm
agent,undefined,create,113,,Jmeter Ticket113,1,2,1,1,In the labyrinth of software trials this ticket emerges birthed within JMeter's realm a sentinel of performance scrutiny. It bears the weight of meticulous scripts a blueprint for digital endurance. With every iteration it charts the course through virtual traffic seeking the elusive balance between load and efficiency in the digital expanse.,,home/amanpreet/Jmeter_testcase&files/media_attachments/Screencast from 11-01-24 11_33_33 AM IST.webm
agent,undefined,create,1,,Jmeter Ticket114,1,1,1,1,In the labyrinth of software trials this ticket emerges birthed within JMeter's realm a sentinel of performance scrutiny. It bears the weight of meticulous scripts a blueprint for digital endurance. With every iteration it charts the course through virtual traffic seeking the elusive balance between load and efficiency in the digital expanse.,,home/amanpreet/Jmeter_testcase&files/media_attachments/Screencast from 09-02-24 05_52_20 PM IST.webm
agent,undefined,create,2,,Jmeter Ticket115,1,4,1,1,In the labyrinth of software trials this ticket emerges birthed within JMeter's realm a sentinel of performance scrutiny. It bears the weight of meticulous scripts a blueprint for digital endurance. With every iteration it charts the course through virtual traffic seeking the elusive balance between load and efficiency in the digital expanse.,,home/amanpreet/Jmeter_testcase&files/media_attachments/Screencast from 11-01-24 11_33_33 AM IST.webm
agent,undefined,create,3,,Jmeter Ticket116,1,4,1,1,In the labyrinth of software trials this ticket emerges birthed within JMeter's realm a sentinel of performance scrutiny. It bears the weight of meticulous scripts a blueprint for digital endurance. With every iteration it charts the course through virtual traffic seeking the elusive balance between load and efficiency in the digital expanse.,,home/amanpreet/Jmeter_testcase&files/media_attachments/Screencast from 09-02-24 05_52_20 PM IST.webm
agent,undefined,create,4,,Jmeter Ticket117,1,3,1,1,In the labyrinth of software trials this ticket emerges birthed within JMeter's realm a sentinel of performance scrutiny. It bears the weight of meticulous scripts a blueprint for digital endurance. With every iteration it charts the course through virtual traffic seeking the elusive balance between load and efficiency in the digital expanse.,,home/amanpreet/Jmeter_testcase&files/media_attachments/Screencast from 11-01-24 11_33_33 AM IST.webm
agent,undefined,create,5,,Jmeter Ticket118,1,2,1,1,In the labyrinth of software trials this ticket emerges birthed within JMeter's realm a sentinel of performance scrutiny. It bears the weight of meticulous scripts a blueprint for digital endurance. With every iteration it charts the course through virtual traffic seeking the elusive balance between load and efficiency in the digital expanse.,,home/amanpreet/Jmeter_testcase&files/media_attachments/Screencast from 09-02-24 05_52_20 PM IST.webm
agent,undefined,create,6,,Jmeter Ticket119,1,1,1,1,In the labyrinth of software trials this ticket emerges birthed within JMeter's realm a sentinel of performance scrutiny. It bears the weight of meticulous scripts a blueprint for digital endurance. With every iteration it charts the course through virtual traffic seeking the elusive balance between load and efficiency in the digital expanse.,,home/amanpreet/Jmeter_testcase&files/media_attachments/Screencast from 11-01-24 11_33_33 AM IST.webm
agent,undefined,create,7,,Jmeter Ticket120,1,4,1,1,In the labyrinth of software trials this ticket emerges birthed within JMeter's realm a sentinel of performance scrutiny. It bears the weight of meticulous scripts a blueprint for digital endurance. With every iteration it charts the course through virtual traffic seeking the elusive balance between load and efficiency in the digital expanse.,,home/amanpreet/Jmeter_testcase&files/media_attachments/Screencast from 09-02-24 05_52_20 PM IST.webm
agent,undefined,create,8,,Jmeter Ticket121,1,4,1,1,In the labyrinth of software trials this ticket emerges birthed within JMeter's realm a sentinel of performance scrutiny. It bears the weight of meticulous scripts a blueprint for digital endurance. With every iteration it charts the course through virtual traffic seeking the elusive balance between load and efficiency in the digital expanse.,,home/amanpreet/Jmeter_testcase&files/media_attachments/Screencast from 11-01-24 11_33_33 AM IST.webm
agent,undefined,create,9,,Jmeter Ticket122,1,3,1,1,In the labyrinth of software trials this ticket emerges birthed within JMeter's realm a sentinel of performance scrutiny. It bears the weight of meticulous scripts a blueprint for digital endurance. With every iteration it charts the course through virtual traffic seeking the elusive balance between load and efficiency in the digital expanse.,,home/amanpreet/Jmeter_testcase&files/media_attachments/Screencast from 09-02-24 05_52_20 PM IST.webm
agent,undefined,create,10,,Jmeter Ticket123,1,2,1,1,In the labyrinth of software trials this ticket emerges birthed within JMeter's realm a sentinel of performance scrutiny. It bears the weight of meticulous scripts a blueprint for digital endurance. With every iteration it charts the course through virtual traffic seeking the elusive balance between load and efficiency in the digital expanse.,,home/amanpreet/Jmeter_testcase&files/media_attachments/Screencast from 11-01-24 11_33_33 AM IST.webm
agent,undefined,create,11,,Jmeter Ticket124,1,1,1,1,In the labyrinth of software trials this ticket emerges birthed within JMeter's realm a sentinel of performance scrutiny. It bears the weight of meticulous scripts a blueprint for digital endurance. With every iteration it charts the course through virtual traffic seeking the elusive balance between load and efficiency in the digital expanse.,,home/amanpreet/Jmeter_testcase&files/media_attachments/Screencast from 09-02-24 05_52_20 PM IST.webm
agent,undefined,create,12,,Jmeter Ticket125,1,4,1,1,In the labyrinth of software trials this ticket emerges birthed within JMeter's realm a sentinel of performance scrutiny. It bears the weight of meticulous scripts a blueprint for digital endurance. With every iteration it charts the course through virtual traffic seeking the elusive balance between load and efficiency in the digital expanse.,,home/amanpreet/Jmeter_testcase&files/media_attachments/Screencast from 11-01-24 11_33_33 AM IST.webm
agent,undefined,create,13,,Jmeter Ticket126,1,4,1,1,In the labyrinth of software trials this ticket emerges birthed within JMeter's realm a sentinel of performance scrutiny. It bears the weight of meticulous scripts a blueprint for digital endurance. With every iteration it charts the course through virtual traffic seeking the elusive balance between load and efficiency in the digital expanse.,,home/amanpreet/Jmeter_testcase&files/media_attachments/Screencast from 09-02-24 05_52_20 PM IST.webm
agent,undefined,create,14,,Jmeter Ticket127,1,3,1,1,In the labyrinth of software trials this ticket emerges birthed within JMeter's realm a sentinel of performance scrutiny. It bears the weight of meticulous scripts a blueprint for digital endurance. With every iteration it charts the course through virtual traffic seeking the elusive balance between load and efficiency in the digital expanse.,,home/amanpreet/Jmeter_testcase&files/media_attachments/Screencast from 11-01-24 11_33_33 AM IST.webm
agent,undefined,create,15,,Jmeter Ticket128,1,2,1,1,In the labyrinth of software trials this ticket emerges birthed within JMeter's realm a sentinel of performance scrutiny. It bears the weight of meticulous scripts a blueprint for digital endurance. With every iteration it charts the course through virtual traffic seeking the elusive balance between load and efficiency in the digital expanse.,,home/amanpreet/Jmeter_testcase&files/media_attachments/Screencast from 09-02-24 05_52_20 PM IST.webm
agent,undefined,create,16,,Jmeter Ticket129,1,1,1,1,In the labyrinth of software trials this ticket emerges birthed within JMeter's realm a sentinel of performance scrutiny. It bears the weight of meticulous scripts a blueprint for digital endurance. With every iteration it charts the course through virtual traffic seeking the elusive balance between load and efficiency in the digital expanse.,,home/amanpreet/Jmeter_testcase&files/media_attachments/Screencast from 11-01-24 11_33_33 AM IST.webm
agent,undefined,create,17,,Jmeter Ticket130,1,4,1,1,In the labyrinth of software trials this ticket emerges birthed within JMeter's realm a sentinel of performance scrutiny. It bears the weight of meticulous scripts a blueprint for digital endurance. With every iteration it charts the course through virtual traffic seeking the elusive balance between load and efficiency in the digital expanse.,,home/amanpreet/Jmeter_testcase&files/media_attachments/Screencast from 09-02-24 05_52_20 PM IST.webm
agent,undefined,create,18,,Jmeter Ticket131,1,4,1,1,In the labyrinth of software trials this ticket emerges birthed within JMeter's realm a sentinel of performance scrutiny. It bears the weight of meticulous scripts a blueprint for digital endurance. With every iteration it charts the course through virtual traffic seeking the elusive balance between load and efficiency in the digital expanse.,,home/amanpreet/Jmeter_testcase&files/media_attachments/Screencast from 11-01-24 11_33_33 AM IST.webm
agent,undefined,create,19,,Jmeter Ticket132,1,3,1,1,In the labyrinth of software trials this ticket emerges birthed within JMeter's realm a sentinel of performance scrutiny. It bears the weight of meticulous scripts a blueprint for digital endurance. With every iteration it charts the course through virtual traffic seeking the elusive balance between load and efficiency in the digital expanse.,,home/amanpreet/Jmeter_testcase&files/media_attachments/Screencast from 09-02-24 05_52_20 PM IST.webm
agent,undefined,create,20,,Jmeter Ticket133,1,2,1,1,In the labyrinth of software trials this ticket emerges birthed within JMeter's realm a sentinel of performance scrutiny. It bears the weight of meticulous scripts a blueprint for digital endurance. With every iteration it charts the course through virtual traffic seeking the elusive balance between load and efficiency in the digital expanse.,,home/amanpreet/Jmeter_testcase&files/media_attachments/Screencast from 11-01-24 11_33_33 AM IST.webm
agent,undefined,create,21,,Jmeter Ticket134,1,1,1,1,In the labyrinth of software trials this ticket emerges birthed within JMeter's realm a sentinel of performance scrutiny. It bears the weight of meticulous scripts a blueprint for digital endurance. With every iteration it charts the course through virtual traffic seeking the elusive balance between load and efficiency in the digital expanse.,,home/amanpreet/Jmeter_testcase&files/media_attachments/Screencast from 09-02-24 05_52_20 PM IST.webm
agent,undefined,create,22,,Jmeter Ticket135,1,4,1,1,In the labyrinth of software trials this ticket emerges birthed within JMeter's realm a sentinel of performance scrutiny. It bears the weight of meticulous scripts a blueprint for digital endurance. With every iteration it charts the course through virtual traffic seeking the elusive balance between load and efficiency in the digital expanse.,,home/amanpreet/Jmeter_testcase&files/media_attachments/Screencast from 11-01-24 11_33_33 AM IST.webm
agent,undefined,create,23,,Jmeter Ticket136,1,4,1,1,In the labyrinth of software trials this ticket emerges birthed within JMeter's realm a sentinel of performance scrutiny. It bears the weight of meticulous scripts a blueprint for digital endurance. With every iteration it charts the course through virtual traffic seeking the elusive balance between load and efficiency in the digital expanse.,,home/amanpreet/Jmeter_testcase&files/media_attachments/Screencast from 09-02-24 05_52_20 PM IST.webm
agent,undefined,create,24,,Jmeter Ticket137,1,3,1,1,In the labyrinth of software trials this ticket emerges birthed within JMeter's realm a sentinel of performance scrutiny. It bears the weight of meticulous scripts a blueprint for digital endurance. With every iteration it charts the course through virtual traffic seeking the elusive balance between load and efficiency in the digital expanse.,,home/amanpreet/Jmeter_testcase&files/media_attachments/Screencast from 11-01-24 11_33_33 AM IST.webm
agent,undefined,create,25,,Jmeter Ticket138,1,2,1,1,In the labyrinth of software trials this ticket emerges birthed within JMeter's realm a sentinel of performance scrutiny. It bears the weight of meticulous scripts a blueprint for digital endurance. With every iteration it charts the course through virtual traffic seeking the elusive balance between load and efficiency in the digital expanse.,,home/amanpreet/Jmeter_testcase&files/media_attachments/Screencast from 09-02-24 05_52_20 PM IST.webm
agent,undefined,create,26,,Jmeter Ticket139,1,1,1,1,In the labyrinth of software trials this ticket emerges birthed within JMeter's realm a sentinel of performance scrutiny. It bears the weight of meticulous scripts a blueprint for digital endurance. With every iteration it charts the course through virtual traffic seeking the elusive balance between load and efficiency in the digital expanse.,,home/amanpreet/Jmeter_testcase&files/media_attachments/Screencast from 11-01-24 11_33_33 AM IST.webm
agent,undefined,create,27,,Jmeter Ticket140,1,4,1,1,In the labyrinth of software trials this ticket emerges birthed within JMeter's realm a sentinel of performance scrutiny. It bears the weight of meticulous scripts a blueprint for digital endurance. With every iteration it charts the course through virtual traffic seeking the elusive balance between load and efficiency in the digital expanse.,,home/amanpreet/Jmeter_testcase&files/media_attachments/Screencast from 09-02-24 05_52_20 PM IST.webm
agent,undefined,create,28,,Jmeter Ticket141,1,4,1,1,In the labyrinth of software trials this ticket emerges birthed within JMeter's realm a sentinel of performance scrutiny. It bears the weight of meticulous scripts a blueprint for digital endurance. With every iteration it charts the course through virtual traffic seeking the elusive balance between load and efficiency in the digital expanse.,,home/amanpreet/Jmeter_testcase&files/media_attachments/Screencast from 11-01-24 11_33_33 AM IST.webm
agent,undefined,create,29,,Jmeter Ticket142,1,3,1,1,In the labyrinth of software trials this ticket emerges birthed within JMeter's realm a sentinel of performance scrutiny. It bears the weight of meticulous scripts a blueprint for digital endurance. With every iteration it charts the course through virtual traffic seeking the elusive balance between load and efficiency in the digital expanse.,,home/amanpreet/Jmeter_testcase&files/media_attachments/Screencast from 09-02-24 05_52_20 PM IST.webm
agent,undefined,create,30,,Jmeter Ticket143,1,2,1,1,In the labyrinth of software trials this ticket emerges birthed within JMeter's realm a sentinel of performance scrutiny. It bears the weight of meticulous scripts a blueprint for digital endurance. With every iteration it charts the course through virtual traffic seeking the elusive balance between load and efficiency in the digital expanse.,,home/amanpreet/Jmeter_testcase&files/media_attachments/Screencast from 11-01-24 11_33_33 AM IST.webm
agent,undefined,create,31,,Jmeter Ticket144,1,1,1,1,In the labyrinth of software trials this ticket emerges birthed within JMeter's realm a sentinel of performance scrutiny. It bears the weight of meticulous scripts a blueprint for digital endurance. With every iteration it charts the course through virtual traffic seeking the elusive balance between load and efficiency in the digital expanse.,,home/amanpreet/Jmeter_testcase&files/media_attachments/Screencast from 09-02-24 05_52_20 PM IST.webm
agent,undefined,create,32,,Jmeter Ticket145,1,4,1,1,In the labyrinth of software trials this ticket emerges birthed within JMeter's realm a sentinel of performance scrutiny. It bears the weight of meticulous scripts a blueprint for digital endurance. With every iteration it charts the course through virtual traffic seeking the elusive balance between load and efficiency in the digital expanse.,,home/amanpreet/Jmeter_testcase&files/media_attachments/Screencast from 11-01-24 11_33_33 AM IST.webm
agent,undefined,create,33,,Jmeter Ticket146,1,4,1,1,In the labyrinth of software trials this ticket emerges birthed within JMeter's realm a sentinel of performance scrutiny. It bears the weight of meticulous scripts a blueprint for digital endurance. With every iteration it charts the course through virtual traffic seeking the elusive balance between load and efficiency in the digital expanse.,,home/amanpreet/Jmeter_testcase&files/media_attachments/Screencast from 09-02-24 05_52_20 PM IST.webm
agent,undefined,create,34,,Jmeter Ticket147,1,3,1,1,In the labyrinth of software trials this ticket emerges birthed within JMeter's realm a sentinel of performance scrutiny. It bears the weight of meticulous scripts a blueprint for digital endurance. With every iteration it charts the course through virtual traffic seeking the elusive balance between load and efficiency in the digital expanse.,,home/amanpreet/Jmeter_testcase&files/media_attachments/Screencast from 11-01-24 11_33_33 AM IST.webm
agent,undefined,create,35,,Jmeter Ticket148,1,2,1,1,In the labyrinth of software trials this ticket emerges birthed within JMeter's realm a sentinel of performance scrutiny. It bears the weight of meticulous scripts a blueprint for digital endurance. With every iteration it charts the course through virtual traffic seeking the elusive balance between load and efficiency in the digital expanse.,,home/amanpreet/Jmeter_testcase&files/media_attachments/Screencast from 09-02-24 05_52_20 PM IST.webm
agent,undefined,create,36,,Jmeter Ticket149,1,1,1,1,In the labyrinth of software trials this ticket emerges birthed within JMeter's realm a sentinel of performance scrutiny. It bears the weight of meticulous scripts a blueprint for digital endurance. With every iteration it charts the course through virtual traffic seeking the elusive balance between load and efficiency in the digital expanse.,,home/amanpreet/Jmeter_testcase&files/media_attachments/Screencast from 11-01-24 11_33_33 AM IST.webm
agent,undefined,create,37,,Jmeter Ticket150,1,4,1,1,In the labyrinth of software trials this ticket emerges birthed within JMeter's realm a sentinel of performance scrutiny. It bears the weight of meticulous scripts a blueprint for digital endurance. With every iteration it charts the course through virtual traffic seeking the elusive balance between load and efficiency in the digital expanse.,,
