date,attachment,nested radio,nested checkbox,nested select,radio
custom_104,custom_210,custom_160,custom_164,custom_172,form_option_4 
custom_111,,custom_161,custom_165,custom_170,form_option_6 
custom_118, ,custom_162,custom_166,custom_171,form_option_10 
custom_126,,,,custom_169,form_option_13 
custom_135,,,,custom_173,form_option_16 
custom_144,,,,custom_174,form_option_17 
custom_149,,,,custom_175,form_option_21 
custom_167,,,,custom_176,form_option_23 
custom_188,,,,,form_option_32 
custom_193,,,,,form_option_35 
custom_202,,,,,form_option_36 
custom_209,,,,,form_option_41 
custom_220,,,,,form_option_44 
